Date,Actual,PrevClose,Predicted,PredMinusPrev,ActualMinusPrev
2012-10-18,1457.34,1460.91,1460.5381,-0.37194824,-3.5700684
2012-10-19,1433.19,1457.34,1457.7932,0.45324707,-24.150024
2012-10-22,1433.82,1433.19,1435.3815,2.1915283,0.6300049
2012-10-23,1413.11,1433.82,1433.9095,0.08959961,-20.70996
2012-10-24,1408.75,1413.11,1415.0115,1.9014893,-4.3599854
2012-10-25,1412.97,1408.75,1409.2661,0.5161133,4.2199707
2012-10-26,1411.94,1412.97,1412.7468,-0.22314453,-1.0300293
2012-10-31,1412.16,1411.94,1412.1704,0.23046875,0.22009277
2012-11-01,1427.59,1412.16,1412.2827,0.122680664,15.429932
2012-11-02,1414.2,1427.59,1426.3884,-1.2015381,-13.390015
2012-11-05,1417.26,1414.2,1415.4855,1.2855225,3.0600586
2012-11-06,1428.39,1417.26,1417.1378,-0.12219238,11.130005
2012-11-07,1394.53,1428.39,1427.5663,-0.82373047,-33.859985
2012-11-08,1377.51,1394.53,1397.52,2.9899902,-17.02002
2012-11-09,1379.85,1377.51,1379.0978,1.5877686,2.3399658
2012-11-12,1380.03,1379.85,1379.7864,-0.06359863,0.18005371
2012-11-13,1374.53,1380.03,1380.1531,0.123046875,-5.5
2012-11-14,1355.49,1374.53,1375.1403,0.6102295,-19.04004
2012-11-15,1353.33,1355.49,1357.2449,1.7548828,-2.1600342
2012-11-16,1359.88,1353.33,1353.6516,0.32165527,6.550049
2012-11-19,1386.89,1359.88,1359.449,-0.43103027,27.01001
2012-11-20,1387.81,1386.89,1384.6543,-2.2357178,0.92004395
2012-11-21,1391.03,1387.81,1387.87,0.059936523,3.2199707
2012-11-23,1409.15,1391.03,1390.8914,-0.13867188,18.119995
2012-11-26,1406.29,1409.15,1407.7089,-1.4411621,-2.8599854
2012-11-27,1398.94,1406.29,1406.6772,0.38720703,-7.3500977
2012-11-28,1409.93,1398.94,1399.7107,0.77075195,10.990112
2012-11-29,1415.95,1409.93,1409.1167,-0.8133545,6.0198975
2012-11-30,1416.18,1415.95,1415.5708,-0.3791504,0.23010254
2012-12-03,1409.46,1416.18,1416.3022,0.12219238,-6.720093
2012-12-04,1407.05,1409.46,1410.1781,0.71813965,-2.409912
2012-12-05,1409.28,1407.05,1407.3988,0.34875488,2.2299805
2012-12-06,1413.94,1409.28,1409.229,-0.05102539,4.659912
2012-12-07,1418.07,1413.94,1413.6787,-0.26123047,4.130005
2012-12-10,1418.55,1418.07,1417.8552,-0.21472168,0.48010254
2012-12-11,1427.84,1418.55,1418.651,0.10095215,9.289917
2012-12-12,1428.48,1427.84,1427.1771,-0.6628418,0.64001465
2012-12-13,1419.45,1428.48,1428.5682,0.088256836,-9.030029
2012-12-14,1413.58,1419.45,1420.3661,0.9161377,-5.869995
2012-12-17,1430.36,1413.58,1414.2258,0.645874,16.78003
2012-12-18,1446.79,1430.36,1429.0397,-1.3203125,16.430054
2012-12-19,1435.81,1446.79,1445.5024,-1.2875977,-10.97998
2012-12-20,1443.69,1435.81,1436.8937,1.0836182,7.879883
2012-12-21,1430.15,1443.69,1443.1517,-0.538208,-13.539917
2012-12-24,1426.66,1430.15,1431.45,1.2999268,-3.4899902
2012-12-26,1419.83,1426.66,1427.1034,0.44335938,-6.830078
2012-12-27,1418.1,1419.83,1420.5585,0.7285156,-1.7299805
2012-12-28,1402.43,1418.1,1418.3912,0.29125977,-15.669922
2012-12-31,1426.19,1402.43,1403.9067,1.4766846,23.759888
2013-01-02,1462.42,1426.19,1424.25,-1.9399414,36.230103
2013-01-03,1459.37,1462.42,1459.364,-3.0560303,-3.0500488
2013-01-04,1466.47,1459.37,1459.7788,0.40881348,7.0999756
2013-01-07,1461.89,1466.47,1466.0021,-0.4678955,-4.579956
2013-01-08,1457.15,1461.89,1462.4304,0.5404053,-4.73999
2013-01-09,1461.02,1457.15,1457.7036,0.55358887,3.869995
2013-01-10,1472.12,1461.02,1460.8322,-0.18786621,11.099976
2013-01-11,1472.05,1472.12,1471.3035,-0.8165283,-0.06994629
2013-01-14,1470.68,1472.05,1472.2037,0.15368652,-1.3699951
2013-01-15,1472.34,1470.68,1470.9457,0.265625,1.6599121
2013-01-16,1472.63,1472.34,1472.3445,0.0045166016,0.29003906
2013-01-17,1480.94,1472.63,1472.7529,0.122924805,8.309937
2013-01-18,1485.98,1480.94,1480.3682,-0.57177734,5.040039
2013-01-22,1492.56,1485.98,1485.6931,-0.28686523,6.580078
2013-01-23,1494.81,1492.56,1492.14,-0.42004395,2.25
2013-01-24,1494.82,1494.81,1494.7657,-0.044311523,0.009887695
2013-01-25,1502.96,1494.82,1494.9691,0.14916992,8.140015
2013-01-28,1500.18,1502.96,1502.4052,-0.5548096,-2.7799072
2013-01-29,1507.84,1500.18,1500.57,0.38989258,7.659912
2013-01-30,1501.96,1507.84,1507.3275,-0.5124512,-5.880005
2013-01-31,1498.11,1501.96,1502.6156,0.65563965,-3.8499756
2013-02-01,1513.17,1498.11,1498.5914,0.4814453,15.060059
2013-02-04,1495.71,1513.17,1512.0105,-1.1595459,-17.460083
2013-02-05,1511.29,1495.71,1497.348,1.6380615,15.580078
2013-02-06,1512.12,1511.29,1510.0845,-1.2055664,0.82995605
2013-02-07,1509.39,1512.12,1512.2002,0.080200195,-2.7299805
2013-02-08,1517.93,1509.39,1509.7765,0.3864746,8.540039
2013-02-11,1517.01,1517.93,1517.3419,-0.58813477,-0.92004395
2013-02-12,1519.43,1517.01,1517.2415,0.23144531,2.420044
2013-02-13,1520.33,1519.43,1519.3737,-0.056396484,0.89990234
2013-02-14,1521.38,1520.33,1520.405,0.07507324,1.0500488
2013-02-15,1519.79,1521.38,1521.442,0.06201172,-1.5899658
2013-02-19,1530.94,1519.79,1520.0796,0.28955078,11.149902
2013-02-20,1511.95,1530.94,1530.1252,-0.81469727,-18.98999
2013-02-21,1502.42,1511.95,1513.7186,1.7686768,-9.529907
2013-02-22,1515.6,1502.42,1503.3872,0.9671631,13.179932
2013-02-25,1487.85,1515.6,1514.6058,-0.9941406,-27.75
2013-02-26,1496.94,1487.85,1490.348,2.4980469,9.089966
2013-02-27,1515.99,1496.94,1496.3018,-0.6381836,19.050049
2013-02-28,1514.68,1515.99,1514.4789,-1.5111084,-1.3099365
2013-03-01,1518.2,1514.68,1514.945,0.26489258,3.5198975
2013-03-04,1525.2,1518.2,1518.0482,-0.1517334,7.0
2013-03-05,1539.79,1525.2,1524.7468,-0.453125,14.590088
2013-03-06,1541.46,1539.79,1538.6747,-1.1153564,1.6699219
2013-03-07,1544.26,1541.46,1541.4706,0.010620117,2.8000488
2013-03-08,1551.18,1544.26,1544.1732,-0.08679199,6.920044
2013-03-11,1556.22,1551.18,1550.7365,-0.44360352,5.039917
2013-03-12,1552.48,1556.22,1555.9402,-0.27978516,-3.7399902
2013-03-13,1554.52,1552.48,1552.9575,0.47753906,2.040039
2013-03-14,1563.23,1554.52,1554.4999,-0.020141602,8.709961
2013-03-15,1560.7,1563.23,1562.6318,-0.59814453,-2.5300293
2013-03-18,1552.1,1560.7,1561.0743,0.37438965,-8.599976
2013-03-19,1548.34,1552.1,1552.993,0.8930664,-3.7600098
2013-03-20,1558.71,1548.34,1548.8187,0.47875977,10.369995
2013-03-21,1545.8,1558.71,1557.9664,-0.7435303,-12.909912
2013-03-22,1556.89,1545.8,1547.059,1.2589111,11.089966
2013-03-25,1551.69,1556.89,1556.0834,-0.8066406,-5.2000732
2013-03-26,1563.77,1551.69,1552.2926,0.60266113,12.080078
2013-03-27,1562.85,1563.77,1562.8773,-0.8927002,-0.92004395
2013-03-28,1569.19,1562.85,1563.086,0.23608398,6.339966
2013-04-01,1562.17,1569.19,1568.7986,-0.39135742,-7.0198975
2013-04-02,1570.25,1562.17,1562.9293,0.75927734,8.079956
2013-04-03,1553.69,1570.25,1569.7074,-0.54260254,-16.560059
2013-04-04,1559.98,1553.69,1555.2585,1.5686035,6.290039
2013-04-05,1553.28,1559.98,1559.592,-0.38793945,-6.699951
2013-04-08,1563.07,1553.28,1554.0111,0.7310791,9.789917
2013-04-09,1568.61,1563.07,1562.3774,-0.6925049,5.540039
2013-04-10,1587.73,1568.61,1568.2881,-0.3218994,19.119995
2013-04-11,1593.37,1587.73,1586.2208,-1.5091553,5.6400146
2013-04-12,1588.85,1593.37,1593.042,-0.32800293,-4.5200195
2013-04-15,1552.36,1588.85,1589.3981,0.5480957,-36.48999
2013-04-16,1574.57,1552.36,1555.5896,3.2296143,22.20996
2013-04-17,1552.01,1574.57,1572.7858,-1.7841797,-22.559937
2013-04-18,1541.61,1552.01,1554.0829,2.072876,-10.400024
2013-04-19,1555.25,1541.61,1542.6553,1.0452881,13.640015
2013-04-22,1562.5,1555.25,1554.2197,-1.0302734,7.25
2013-04-23,1578.78,1562.5,1562.0288,-0.4711914,16.28003
2013-04-24,1578.79,1578.78,1577.5203,-1.2597656,0.010009766
2013-04-25,1585.16,1578.79,1578.9475,0.1574707,6.369995
2013-04-26,1582.24,1585.16,1584.7677,-0.39233398,-2.920044
2013-04-29,1593.61,1582.24,1582.65,0.41003418,11.369995
2013-04-30,1597.57,1593.61,1592.7826,-0.8273926,3.959961
2013-05-01,1582.7,1597.57,1597.3881,-0.18188477,-14.869995
2013-05-02,1597.59,1582.7,1584.1289,1.4289551,14.890015
2013-05-03,1614.42,1597.59,1596.4545,-1.135498,16.830078
2013-05-06,1617.5,1614.42,1613.1158,-1.3041992,3.079956
2013-05-07,1625.96,1617.5,1617.3962,-0.103759766,8.459961
2013-05-08,1632.69,1625.96,1625.39,-0.5699463,6.7299805
2013-05-09,1626.67,1632.69,1632.2712,-0.41870117,-6.0198975
2013-05-10,1633.7,1626.67,1627.3505,0.6804199,7.029907
2013-05-13,1633.77,1633.7,1633.2552,-0.44470215,0.07006836
2013-05-14,1650.34,1633.77,1633.928,0.15795898,16.569946
2013-05-15,1658.78,1650.34,1649.0625,-1.2774658,8.440063
2013-05-16,1650.47,1658.78,1658.2152,-0.56481934,-8.310059
2013-05-17,1667.47,1650.47,1651.3485,0.87854004,17.0
2013-05-20,1666.29,1667.47,1666.1566,-1.3133545,-1.1799316
2013-05-21,1669.16,1666.29,1666.559,0.2689209,2.869995
2013-05-22,1655.35,1669.16,1669.0797,-0.080322266,-13.810059
2013-05-23,1650.51,1655.35,1656.697,1.3470459,-4.839966
2013-05-24,1649.6,1650.51,1651.0918,0.5817871,-0.9100342
2013-05-28,1660.06,1649.6,1649.844,0.24401855,10.460083
2013-05-29,1648.36,1660.06,1659.3191,-0.7409668,-11.700073
2013-05-30,1654.41,1648.36,1649.527,1.1669922,6.050049
2013-05-31,1630.74,1654.41,1654.0526,-0.35742188,-23.670044
2013-06-03,1640.42,1630.74,1632.9152,2.175171,9.680054
2013-06-04,1631.38,1640.42,1639.7452,-0.6748047,-9.040039
2013-06-05,1608.9,1631.38,1632.3187,0.9387207,-22.47998
2013-06-06,1622.56,1608.9,1610.9729,2.072876,13.660034
2013-06-07,1643.38,1622.56,1621.5352,-1.0249023,20.819946
2013-06-10,1642.81,1643.38,1641.7269,-1.6530762,-0.5699463
2013-06-11,1626.13,1642.81,1643.0242,0.21411133,-16.680054
2013-06-12,1612.52,1626.13,1627.7167,1.5866699,-13.609985
2013-06-13,1636.36,1612.52,1613.8455,1.3254395,23.839966
2013-06-14,1626.73,1636.36,1634.4386,-1.9213867,-9.630005
2013-06-17,1639.04,1626.73,1627.7186,0.98864746,12.310059
2013-06-18,1651.81,1639.04,1638.1353,-0.90478516,12.77002
2013-06-19,1628.93,1651.81,1650.8663,-0.9437256,-22.880005
2013-06-20,1588.19,1628.93,1631.039,2.1088867,-40.740112
2013-06-21,1592.43,1588.19,1591.7739,3.5839844,4.2401123
2013-06-24,1573.09,1592.43,1592.2233,-0.20678711,-19.340088
2013-06-25,1588.03,1573.09,1574.8949,1.8049316,14.940063
2013-06-26,1603.26,1588.03,1586.8892,-1.1408691,15.22998
2013-06-27,1613.2,1603.26,1602.0953,-1.1646729,9.939941
2013-06-28,1606.28,1613.2,1612.4995,-0.70043945,-6.919922
2013-07-01,1614.96,1606.28,1607.0353,0.755249,8.679932
2013-07-02,1614.08,1614.96,1614.3698,-0.59020996,-0.8800049
2013-07-03,1615.41,1614.08,1614.3177,0.23779297,1.3300781
2013-07-05,1631.89,1615.41,1615.4574,0.04736328,16.47998
2013-07-08,1640.46,1631.89,1630.6185,-1.2714844,8.569946
2013-07-09,1652.32,1640.46,1639.8818,-0.578125,11.859985
2013-07-10,1652.62,1652.32,1651.4559,-0.8640137,0.30004883
2013-07-11,1675.02,1652.62,1652.76,0.14001465,22.400024
2013-07-12,1680.19,1675.02,1673.2308,-1.7891846,5.169922
2013-07-15,1682.5,1680.19,1679.9115,-0.27844238,2.3100586
2013-07-16,1676.26,1682.5,1682.4694,-0.030639648,-6.23999
2013-07-17,1680.91,1676.26,1676.9642,0.70422363,4.6500244
2013-07-18,1689.37,1680.91,1680.6766,-0.23339844,8.459961
2013-07-19,1692.09,1689.37,1688.8065,-0.56347656,2.7199707
2013-07-22,1695.53,1692.09,1692.0249,-0.06506348,3.4400635
2013-07-23,1692.39,1695.53,1695.403,-0.1270752,-3.1400146
2013-07-24,1685.94,1692.39,1692.8301,0.44006348,-6.4500732
2013-07-25,1690.25,1685.94,1686.6631,0.72314453,4.3100586
2013-07-26,1691.65,1690.25,1690.0471,-0.20288086,1.4000244
2013-07-29,1685.33,1691.65,1691.699,0.048950195,-6.3200684
2013-07-30,1685.96,1685.33,1686.042,0.71203613,0.6300049
2013-07-31,1685.73,1685.96,1686.075,0.114990234,-0.22998047
2013-08-01,1706.87,1685.73,1685.9191,0.18908691,21.140015
2013-08-02,1709.67,1706.87,1705.1959,-1.6740723,2.8000488
2013-08-05,1707.14,1709.67,1709.5999,-0.07019043,-2.5300293
2013-08-06,1697.37,1707.14,1707.5292,0.38916016,-9.77002
2013-08-07,1690.91,1697.37,1698.3778,1.0078125,-6.459961
2013-08-08,1697.48,1690.91,1691.6345,0.7244873,6.5699463
2013-08-09,1691.42,1697.48,1697.0818,-0.39819336,-6.0599365
2013-08-12,1689.47,1691.42,1692.1105,0.6904297,-1.9500732
2013-08-13,1694.16,1689.47,1689.8075,0.3375244,4.6900635
2013-08-14,1685.39,1694.16,1693.9247,-0.23535156,-8.77002
2013-08-15,1661.32,1685.39,1686.3114,0.9213867,-24.070068
2013-08-16,1655.83,1661.32,1663.5323,2.2124023,-5.48999
2013-08-19,1646.06,1655.83,1656.4679,0.63793945,-9.769897
2013-08-20,1652.35,1646.06,1647.0626,1.0025635,6.289917
2013-08-21,1642.8,1652.35,1651.9714,-0.37854004,-9.549927
2013-08-22,1656.96,1642.8,1643.7836,0.9835205,14.159912
2013-08-23,1663.5,1656.96,1655.895,-1.0649414,6.540039
2013-08-26,1656.78,1663.5,1663.101,-0.39904785,-6.7199707
2013-08-27,1630.48,1656.78,1657.5234,0.7434082,-26.300049
2013-08-28,1634.96,1630.48,1632.875,2.3950195,4.4799805
2013-08-29,1638.17,1634.96,1634.7368,-0.22314453,3.210083
2013-08-30,1632.97,1638.17,1638.0571,-0.11291504,-5.2000732
2013-09-03,1639.77,1632.97,1633.5808,0.61083984,6.800049
2013-09-04,1653.08,1639.77,1639.346,-0.42407227,13.309937
2013-09-05,1655.08,1653.08,1652.089,-0.9909668,2.0
2013-09-06,1655.17,1655.08,1655.0735,-0.0064697266,0.09008789
2013-09-09,1671.71,1655.17,1655.3285,0.15844727,16.539917
2013-09-10,1683.99,1671.71,1670.4375,-1.2724609,12.280029
2013-09-11,1689.13,1683.99,1683.0925,-0.89746094,5.1400146
2013-09-12,1683.42,1689.13,1688.8551,-0.27490234,-5.709961
2013-09-13,1687.99,1683.42,1684.0797,0.65966797,4.5699463
2013-09-16,1697.6,1687.99,1687.7643,-0.22570801,9.609985
2013-09-17,1704.76,1697.6,1696.9371,-0.6628418,7.160034
2013-09-18,1725.52,1704.76,1704.3112,-0.44885254,20.76001
2013-09-19,1722.34,1725.52,1723.8816,-1.6384277,-3.1800537
2013-09-20,1709.91,1722.34,1722.7865,0.4465332,-12.429932
2013-09-23,1701.84,1709.91,1711.1455,1.2354736,-8.070068
2013-09-24,1697.42,1701.84,1702.7032,0.86328125,-4.419922
2013-09-25,1692.77,1697.42,1697.9705,0.55041504,-4.6500244
2013-09-26,1698.67,1692.77,1693.3397,0.56970215,5.9000244
2013-09-27,1691.75,1698.67,1698.3302,-0.33984375,-6.920044
2013-09-30,1681.55,1691.75,1692.5139,0.763916,-10.199951
2013-10-01,1695.0,1681.55,1682.5928,1.0427246,13.449951
2013-10-02,1693.87,1695.0,1694.0013,-0.9986572,-1.1300049
2013-10-03,1678.66,1693.87,1694.1373,0.26733398,-15.209961
2013-10-04,1690.5,1678.66,1680.128,1.4680176,11.839966
2013-10-07,1676.12,1690.5,1689.6417,-0.85827637,-14.380005
2013-10-08,1655.45,1676.12,1677.5175,1.3974609,-20.670044
2013-10-09,1656.4,1655.45,1657.3762,1.9262695,0.95007324
2013-10-10,1692.56,1656.4,1656.4844,0.084350586,36.160034
2013-10-11,1703.2,1692.56,1689.5444,-3.015625,10.639893
2013-10-14,1710.14,1703.2,1702.4478,-0.75219727,6.9400635
2013-10-15,1698.06,1710.14,1709.7109,-0.42907715,-12.079956
2013-10-16,1721.54,1698.06,1699.2646,1.2045898,23.47998
2013-10-17,1733.15,1721.54,1719.6605,-1.8795166,11.609985
2013-10-18,1744.5,1733.15,1732.3163,-0.83374023,11.349976
2013-10-21,1744.66,1744.5,1743.6902,-0.80981445,0.16003418
2013-10-22,1754.67,1744.66,1744.8214,0.16137695,10.01001
2013-10-23,1746.38,1754.67,1753.9781,-0.69189453,-8.290039
2013-10-24,1752.07,1746.38,1747.2667,0.88671875,5.6899414
2013-10-25,1759.77,1752.07,1751.7537,-0.31628418,7.7000732
2013-10-28,1762.11,1759.77,1759.2799,-0.4901123,2.3399658
2013-10-29,1771.95,1762.11,1762.0848,-0.025146484,9.839966
2013-10-30,1763.31,1771.95,1771.2748,-0.6751709,-8.639893
2013-10-31,1756.54,1763.31,1764.2283,0.9182129,-6.7700195
2013-11-01,1761.64,1756.54,1757.2979,0.7578125,5.0999756
2013-11-04,1767.93,1761.64,1761.3759,-0.26416016,6.290039
2013-11-05,1762.97,1767.93,1767.5632,-0.3668213,-4.960083
2013-11-06,1770.49,1762.97,1763.5734,0.60339355,7.5200195
2013-11-07,1747.15,1770.49,1770.0166,-0.47338867,-23.339966
2013-11-08,1770.61,1747.15,1749.3112,2.1611328,23.45996
2013-11-11,1771.89,1770.61,1768.738,-1.8719482,1.2800293
2013-11-12,1767.69,1771.89,1771.9574,0.06738281,-4.2000732
2013-11-13,1782.0,1767.69,1768.2285,0.5385742,14.310059
2013-11-14,1790.62,1782.0,1780.9352,-1.0648193,8.619995
2013-11-15,1798.18,1790.62,1790.053,-0.5670166,7.5600586
2013-11-18,1791.53,1798.18,1797.706,-0.47399902,-6.6500244
2013-11-19,1787.87,1791.53,1792.2811,0.75109863,-3.6600342
2013-11-20,1781.37,1787.87,1788.3643,0.4942627,-6.5
2013-11-21,1795.85,1781.37,1782.107,0.73706055,14.47998
2013-11-22,1804.76,1795.85,1794.7717,-1.0782471,8.910034
2013-11-25,1802.48,1804.76,1804.1692,-0.5908203,-2.2800293
2013-11-26,1802.75,1802.48,1802.8573,0.37731934,0.27001953
2013-11-27,1807.23,1802.75,1802.9077,0.15771484,4.4799805
2013-11-29,1805.81,1807.23,1807.0242,-0.20581055,-1.4199219
2013-12-02,1800.9,1805.81,1806.1136,0.30358887,-4.910034
2013-12-03,1795.15,1800.9,1801.5028,0.6027832,-5.75
2013-12-04,1792.81,1795.15,1795.8243,0.6743164,-2.3399658
2013-12-05,1785.03,1792.81,1793.1915,0.38146973,-7.7800293
2013-12-06,1805.09,1785.03,1785.877,0.8469238,20.059937
2013-12-09,1808.37,1805.09,1803.5222,-1.567749,3.2800293
2013-12-10,1802.62,1808.37,1808.2682,-0.10180664,-5.75
2013-12-11,1782.22,1802.62,1803.2952,0.6751709,-20.400024
2013-12-12,1775.5,1782.22,1784.1376,1.9176025,-6.7199707
2013-12-13,1775.32,1775.5,1776.2554,0.7553711,-0.18005371
2013-12-16,1786.54,1775.32,1775.5135,0.19360352,11.220093
2013-12-17,1781.0,1786.54,1785.7458,-0.79418945,-5.540039
2013-12-18,1810.65,1781.0,1781.655,0.6550293,29.650024
2013-12-19,1809.6,1810.65,1808.233,-2.4169922,-1.0500488
2013-12-20,1818.32,1809.6,1809.872,0.27197266,8.719971
2013-12-23,1827.99,1818.32,1817.7471,-0.572876,9.670044
2013-12-24,1833.32,1827.99,1827.3353,-0.6546631,5.329956
2013-12-26,1842.02,1833.32,1833.0432,-0.2767334,8.700073
2013-12-27,1841.4,1842.02,1841.4513,-0.5687256,-0.6199951
2013-12-30,1841.07,1841.4,1841.6382,0.23815918,-0.33007812
2013-12-31,1848.36,1841.07,1841.2833,0.2133789,7.290039
2014-01-02,1831.98,1848.36,1847.9146,-0.44543457,-16.380005
2014-01-03,1831.37,1831.98,1833.5635,1.5834961,-0.60998535
2014-01-06,1826.77,1831.37,1831.6064,0.2364502,-4.5999756
2014-01-07,1837.88,1826.77,1827.3491,0.57910156,11.109985
2014-01-08,1837.49,1837.88,1837.1008,-0.7791748,-0.39001465
2014-01-09,1838.13,1837.49,1837.7079,0.21789551,0.64001465
2014-01-10,1842.37,1838.13,1838.2593,0.12927246,4.23999
2014-01-13,1819.2,1842.37,1842.1885,-0.18151855,-23.170044
2014-01-14,1838.88,1819.2,1821.355,2.1550293,19.680054
2014-01-15,1848.38,1838.88,1837.3496,-1.5303955,9.5
2014-01-16,1845.89,1848.38,1847.7422,-0.6378174,-2.4899902
2014-01-17,1838.7,1845.89,1846.2897,0.3996582,-7.1900635
2014-01-21,1843.8,1838.7,1839.502,0.80200195,5.1000977
2014-01-22,1844.86,1843.8,1843.5442,-0.25585938,1.0599365
2014-01-23,1828.46,1844.86,1844.9536,0.09362793,-16.400024
2014-01-24,1790.29,1828.46,1830.0448,1.5848389,-38.16992
2014-01-27,1781.56,1790.29,1793.6918,3.4017334,-8.72998
2014-01-28,1792.5,1781.56,1782.4879,0.92785645,10.939941
2014-01-29,1774.2,1792.5,1791.731,-0.76904297,-18.300049
2014-01-30,1794.19,1774.2,1775.9396,1.739624,19.98999
2014-01-31,1782.59,1794.19,1792.6272,-1.5627441,-11.599976
2014-02-03,1741.89,1782.59,1783.7626,1.1726074,-40.69995
2014-02-04,1755.2,1741.89,1745.4935,3.6035156,13.309937
2014-02-05,1751.64,1755.2,1754.2198,-0.98010254,-3.5599365
2014-02-06,1773.43,1751.64,1752.1222,0.48217773,21.79004
2014-02-07,1797.02,1773.43,1771.7062,-1.723877,23.589966
2014-02-10,1799.84,1797.02,1795.1395,-1.8804932,2.8199463
2014-02-11,1819.75,1799.84,1799.7771,-0.06286621,19.910034
2014-02-12,1819.26,1819.75,1818.1971,-1.5528564,-0.48999023
2014-02-13,1829.83,1819.26,1819.4849,0.22485352,10.569946
2014-02-14,1838.63,1829.83,1829.097,-0.73291016,8.800049
2014-02-18,1840.76,1838.63,1838.0522,-0.5777588,2.130005
2014-02-19,1828.75,1840.76,1840.7609,0.0008544922,-12.01001
2014-02-20,1839.78,1828.75,1829.9623,1.2122803,11.030029
2014-02-21,1836.25,1839.78,1839.008,-0.77197266,-3.5300293
2014-02-24,1847.61,1836.25,1836.7382,0.48815918,11.359985
2014-02-25,1845.12,1847.61,1846.81,-0.79992676,-2.4899902
2014-02-26,1845.16,1845.12,1845.5197,0.3996582,0.040039062
2014-02-27,1854.29,1845.16,1845.3417,0.18164062,9.130005
2014-02-28,1859.45,1854.29,1853.6852,-0.6048584,5.159912
2014-03-03,1845.73,1859.45,1859.1906,-0.2593994,-13.719971
2014-03-04,1873.91,1845.73,1847.0894,1.359375,28.180054
2014-03-05,1873.81,1873.91,1871.6315,-2.2785645,-0.099975586
2014-03-06,1877.03,1873.81,1874.0068,0.19677734,3.2199707
2014-03-07,1878.04,1877.03,1876.9403,-0.08972168,1.0100098
2014-03-10,1877.17,1878.04,1878.1415,0.10144043,-0.8699951
2014-03-11,1867.63,1877.17,1877.4335,0.26342773,-9.540039
2014-03-12,1868.2,1867.63,1868.6356,1.0056152,0.5699463
2014-03-13,1846.34,1868.2,1868.3383,0.13830566,-21.859985
2014-03-14,1841.13,1846.34,1848.3878,2.0478516,-5.209961
2014-03-17,1858.83,1841.13,1841.7628,0.6328125,17.699951
2014-03-18,1872.25,1858.83,1857.476,-1.3540039,13.420044
2014-03-19,1860.77,1872.25,1871.2726,-0.977417,-11.47998
2014-03-20,1872.01,1860.77,1861.9403,1.1702881,11.23999
2014-03-21,1866.52,1872.01,1871.223,-0.7869873,-5.48999
2014-03-24,1857.44,1866.52,1867.1793,0.65930176,-9.080078
2014-03-25,1865.62,1857.44,1858.4054,0.9654541,8.180054
2014-03-26,1852.56,1865.62,1865.0989,-0.52111816,-13.059937
2014-03-27,1849.04,1852.56,1853.8641,1.3040771,-3.5200195
2014-03-28,1857.62,1849.04,1849.5284,0.48840332,8.579956
2014-03-31,1872.34,1857.62,1857.0632,-0.5567627,14.719971
2014-04-01,1885.52,1872.34,1871.2488,-1.0911865,13.180054
2014-04-02,1890.9,1885.52,1884.565,-0.9550781,5.380005
2014-04-03,1888.77,1890.9,1890.6246,-0.27539062,-2.130005
2014-04-04,1865.09,1888.77,1889.1431,0.37304688,-23.680054
2014-04-07,1845.04,1865.09,1867.2931,2.203125,-20.049927
2014-04-08,1851.96,1845.04,1846.9353,1.8952637,6.919922
2014-04-09,1872.18,1851.96,1851.547,-0.41296387,20.220093
2014-04-10,1833.08,1872.18,1870.6057,-1.5743408,-39.100098
2014-04-11,1815.69,1833.08,1836.5645,3.484497,-17.390015
2014-04-14,1830.61,1815.69,1817.3572,1.6672363,14.920044
2014-04-15,1842.98,1830.61,1829.4968,-1.1131592,12.369995
2014-04-16,1862.31,1842.98,1842.0913,-0.8886719,19.330078
2014-04-17,1864.85,1862.31,1860.813,-1.4970703,2.539917
2014-04-21,1871.89,1864.85,1864.8179,-0.032104492,7.040039
2014-04-22,1879.55,1871.89,1871.4688,-0.42126465,7.660034
2014-04-23,1875.39,1879.55,1879.0756,-0.4744873,-4.160034
2014-04-24,1878.61,1875.39,1875.9362,0.5461426,3.2199707
2014-04-25,1863.4,1878.61,1878.5204,-0.08959961,-15.209961
2014-04-28,1869.43,1863.4,1864.8877,1.4876709,6.0300293
2014-04-29,1878.33,1869.43,1869.0961,-0.33398438,8.899902
2014-04-30,1883.95,1878.33,1877.7476,-0.58239746,5.619995
2014-05-01,1883.68,1883.95,1883.6531,-0.296875,-0.26989746
2014-05-02,1881.14,1883.68,1883.8925,0.21240234,-2.540039
2014-05-05,1884.66,1881.14,1881.5475,0.4074707,3.5200195
2014-05-06,1867.72,1884.66,1884.5452,-0.114868164,-16.940063
2014-05-07,1878.21,1867.72,1869.3549,1.6348877,10.48999
2014-05-08,1875.63,1878.21,1877.489,-0.72094727,-2.579956
2014-05-09,1878.48,1875.63,1876.0403,0.41027832,2.8499756
2014-05-12,1896.65,1878.48,1878.4225,-0.057495117,18.170044
2014-05-13,1897.45,1896.65,1895.2588,-1.3912354,0.79992676
2014-05-14,1888.53,1897.45,1897.5714,0.12145996,-8.919922
2014-05-15,1870.85,1888.53,1889.485,0.95495605,-17.680054
2014-05-16,1877.86,1870.85,1872.5479,1.697876,7.01001
2014-05-19,1885.08,1877.86,1877.4418,-0.4182129,7.2199707
2014-05-20,1872.83,1885.08,1884.6443,-0.43566895,-12.25
2014-05-21,1888.03,1872.83,1874.0673,1.2373047,15.200073
2014-05-22,1892.49,1888.03,1886.8984,-1.1315918,4.459961
2014-05-23,1900.53,1892.49,1892.2946,-0.19543457,8.040039
2014-05-27,1911.91,1900.53,1900.0247,-0.5053711,11.380005
2014-05-28,1909.78,1911.91,1911.115,-0.79504395,-2.130005
2014-05-29,1920.03,1909.78,1910.1553,0.37524414,10.25
2014-05-30,1923.57,1920.03,1919.3344,-0.6956787,3.539917
2014-06-02,1924.97,1923.57,1923.4573,-0.1126709,1.4000244
2014-06-03,1924.24,1924.97,1925.0425,0.072509766,-0.72998047
2014-06-04,1927.88,1924.24,1924.496,0.25598145,3.6400146
2014-06-05,1940.46,1927.88,1927.7592,-0.12084961,12.579956
2014-06-06,1949.44,1940.46,1939.5631,-0.8968506,8.97998
2014-06-09,1951.27,1949.44,1948.8578,-0.5821533,1.8300781
2014-06-10,1950.79,1951.27,1951.308,0.037963867,-0.47998047
2014-06-11,1943.89,1950.79,1951.0272,0.23718262,-6.9000244
2014-06-12,1930.11,1943.89,1944.6779,0.7878418,-13.780029
2014-06-13,1936.16,1930.11,1931.4834,1.3734131,6.050049
2014-06-16,1937.78,1936.16,1935.8312,-0.32885742,1.6199951
2014-06-17,1941.99,1937.78,1937.8347,0.0546875,4.209961
2014-06-18,1956.98,1941.99,1941.8212,-0.16882324,14.98999
2014-06-19,1959.48,1956.98,1955.874,-1.105957,2.5
2014-06-20,1962.87,1959.48,1959.4608,-0.019165039,3.3900146
2014-06-23,1962.61,1962.87,1962.7743,-0.095703125,-0.26000977
2014-06-24,1949.98,1962.61,1962.8295,0.21948242,-12.630005
2014-06-25,1959.53,1949.98,1951.2576,1.2775879,9.550049
2014-06-26,1957.22,1959.53,1958.8993,-0.6307373,-2.3100586
2014-06-27,1960.96,1957.22,1957.6155,0.3955078,3.7399902
2014-06-30,1960.23,1960.96,1960.8337,-0.1262207,-0.72998047
2014-07-01,1973.32,1960.23,1960.4896,0.25964355,13.089966
2014-07-02,1974.62,1973.32,1972.382,-0.9379883,1.3000488
2014-07-03,1985.44,1974.62,1974.7062,0.08618164,10.819946
2014-07-07,1977.65,1985.44,1984.7013,-0.73864746,-7.789917
2014-07-08,1963.71,1977.65,1978.5176,0.8675537,-13.940063
2014-07-09,1972.83,1963.71,1965.1005,1.3905029,9.119995
2014-07-10,1964.68,1972.83,1972.238,-0.59191895,-8.149902
2014-07-11,1967.57,1964.68,1965.577,0.89697266,2.8898926
2014-07-14,1977.1,1967.57,1967.5178,-0.052124023,9.530029
2014-07-15,1973.28,1977.1,1976.4728,-0.62719727,-3.8199463
2014-07-16,1981.57,1973.28,1973.8068,0.5267334,8.289917
2014-07-17,1958.12,1981.57,1981.051,-0.5189209,-23.449951
2014-07-18,1978.22,1958.12,1960.3145,2.194458,20.099976
2014-07-21,1973.63,1978.22,1976.6678,-1.552124,-4.589966
2014-07-22,1983.53,1973.63,1974.2229,0.5928955,9.900024
2014-07-23,1987.01,1983.53,1982.8712,-0.6588135,3.4799805
2014-07-24,1987.98,1987.01,1986.9088,-0.10119629,0.9699707
2014-07-25,1978.34,1987.98,1988.0958,0.11584473,-9.640015
2014-07-28,1978.91,1978.34,1979.3656,1.0256348,0.57006836
2014-07-29,1969.95,1978.91,1979.0596,0.14953613,-8.960083
2014-07-30,1970.07,1969.95,1970.9167,0.9667969,0.11999512
2014-07-31,1930.67,1970.07,1970.2573,0.18737793,-39.399902
2014-08-01,1925.15,1930.67,1934.1927,3.522705,-5.5200195
2014-08-04,1938.99,1925.15,1925.8179,0.6678467,13.839966
2014-08-05,1920.21,1938.99,1937.9829,-1.0070801,-18.78003
2014-08-06,1920.24,1920.21,1922.0062,1.7962646,0.030029297
2014-08-07,1909.57,1920.24,1920.4302,0.19018555,-10.670044
2014-08-08,1931.59,1909.57,1910.6765,1.1065674,22.02002
2014-08-11,1936.92,1931.59,1929.8635,-1.7264404,5.330078
2014-08-12,1933.75,1936.92,1936.6537,-0.26635742,-3.170044
2014-08-13,1946.72,1933.75,1934.217,0.46704102,12.969971
2014-08-14,1955.18,1946.72,1945.7897,-0.93029785,8.460083
2014-08-15,1955.06,1955.18,1954.6438,-0.5362549,-0.11999512
2014-08-18,1971.74,1955.06,1955.2666,0.20654297,16.679932
2014-08-19,1981.6,1971.74,1970.4875,-1.2524414,9.859985
2014-08-20,1986.51,1981.6,1980.9446,-0.6553955,4.910034
2014-08-21,1992.37,1986.51,1986.285,-0.22497559,5.8599854
2014-08-22,1988.4,1992.37,1992.0632,-0.3067627,-3.9699707
2014-08-25,1997.92,1988.4,1988.9412,0.5411377,9.52002
2014-08-26,2000.02,1997.92,1997.2959,-0.6241455,2.0999756
2014-08-27,2000.12,2000.02,2000.0396,0.01953125,0.099975586
2014-08-28,1996.74,2000.12,2000.3121,0.19213867,-3.380005
2014-08-29,2003.37,1996.74,1997.2313,0.491333,6.630005
2014-09-02,2002.28,2003.37,2002.9976,-0.37243652,-1.0899658
2014-09-03,2000.72,2002.28,2002.5748,0.2947998,-1.5600586
2014-09-04,1997.65,2000.72,2001.055,0.335083,-3.0699463
2014-09-05,2007.71,1997.65,1998.1149,0.46484375,10.059937
2014-09-08,2001.54,2007.71,2007.0398,-0.670166,-6.169922
2014-09-09,1988.44,2001.54,2002.2711,0.7310791,-13.100098
2014-09-10,1995.69,1988.44,1989.7615,1.3215332,7.25
2014-09-11,1997.45,1995.69,1995.263,-0.42700195,1.7600098
2014-09-12,1985.54,1997.45,1997.4985,0.048583984,-11.909912
2014-09-15,1984.13,1985.54,1986.76,1.2199707,-1.4100342
2014-09-16,1998.98,1984.13,1984.4507,0.3206787,14.849976
2014-09-17,2001.57,1998.98,1997.8907,-1.0892334,2.5899658
2014-09-18,2011.36,2001.57,2001.5472,-0.022705078,9.790039
2014-09-19,2010.4,2011.36,2010.7136,-0.6463623,-0.95996094
2014-09-22,1994.29,2010.4,2010.6844,0.28442383,-16.109985
2014-09-23,1982.77,1994.29,1995.8679,1.5778809,-11.52002
2014-09-24,1998.3,1982.77,1983.9565,1.1865234,15.530029
2014-09-25,1965.99,1998.3,1997.1512,-1.1488037,-32.31006
2014-09-26,1982.85,1965.99,1968.9277,2.9377441,16.859985
2014-09-29,1977.8,1982.85,1981.583,-1.2669678,-5.0499268
2014-09-30,1972.29,1977.8,1978.4329,0.6328125,-5.51001
2014-10-01,1946.16,1972.29,1972.9618,0.6717529,-26.130005
2014-10-02,1946.17,1946.16,1948.5784,2.418335,0.010009766
2014-10-03,1967.9,1946.17,1946.3645,0.19445801,21.72998
2014-10-06,1964.82,1967.9,1966.2032,-1.6967773,-3.0800781
2014-10-07,1935.1,1964.82,1965.2823,0.46240234,-29.71997
2014-10-08,1968.89,1935.1,1937.8176,2.7176514,33.79004
2014-10-09,1928.21,1968.89,1966.1237,-2.7663574,-40.680054
2014-10-10,1906.13,1928.21,1931.8383,3.628296,-22.079956
2014-10-13,1874.74,1906.13,1908.2032,2.0732422,-31.390015
2014-10-14,1877.7,1874.74,1877.5898,2.8498535,2.959961
2014-10-15,1862.49,1877.7,1877.6328,-0.06713867,-15.209961
2014-10-16,1862.76,1862.49,1863.9775,1.4875488,0.27001953
2014-10-17,1886.76,1862.76,1862.9237,0.16369629,24.0
2014-10-20,1904.01,1886.76,1884.8536,-1.9063721,17.25
2014-10-21,1941.28,1904.01,1902.7003,-1.3096924,37.27002
2014-10-22,1927.11,1941.28,1938.1989,-3.0811768,-14.170044
2014-10-23,1950.82,1927.11,1928.5161,1.4061279,23.70996
2014-10-24,1964.58,1950.82,1948.9465,-1.8734131,13.76001
2014-10-27,1961.63,1964.58,1963.5825,-0.9974365,-2.9499512
2014-10-28,1985.05,1961.63,1962.0808,0.45080566,23.420044
2014-10-29,1982.3,1985.05,1983.206,-1.8439941,-2.75
2014-10-30,1994.65,1982.3,1982.7358,0.43579102,12.349976
2014-10-31,2018.05,1994.65,1993.7789,-0.87109375,23.400024
2014-11-03,2017.81,2018.05,2016.2115,-1.838501,-0.23999023
2014-11-04,2012.1,2017.81,2018.0333,0.2232666,-5.710083
2014-11-05,2023.57,2012.1,2012.793,0.69299316,11.469971
2014-11-06,2031.21,2023.57,2022.7786,-0.79138184,7.6400146
2014-11-07,2031.92,2031.21,2030.7527,-0.4572754,0.710083
2014-11-10,2038.26,2031.92,2032.0627,0.1427002,6.339966
2014-11-11,2039.68,2038.26,2037.9163,-0.34375,1.420044
2014-11-12,2038.25,2039.68,2039.7622,0.08215332,-1.4300537
2014-11-13,2039.33,2038.25,2038.5778,0.3277588,1.079956
2014-11-14,2039.82,2039.33,2039.4415,0.111572266,0.48999023
2014-11-17,2041.32,2039.82,2039.9824,0.16247559,1.5
2014-11-18,2051.8,2041.32,2041.3954,0.07543945,10.480103
2014-11-19,2048.72,2051.8,2051.098,-0.70214844,-3.0800781
2014-11-20,2052.75,2048.72,2049.191,0.47094727,4.0300293
2014-11-21,2063.5,2052.75,2052.608,-0.14208984,10.75
2014-11-24,2069.41,2063.5,2062.7754,-0.7246094,5.909912
2014-11-25,2067.03,2069.41,2069.1067,-0.30322266,-2.3798828
2014-11-26,2072.83,2067.03,2067.4426,0.41259766,5.800049
2014-11-28,2067.56,2072.83,2072.5366,-0.29345703,-5.2700195
2014-12-01,2053.44,2067.56,2068.221,0.6608887,-14.120117
2014-12-02,2066.55,2053.44,2054.855,1.4150391,13.110107
2014-12-03,2074.33,2066.55,2065.6199,-0.9301758,7.7800293
2014-12-04,2071.92,2074.33,2073.865,-0.4650879,-2.4101562
2014-12-05,2075.37,2071.92,2072.3354,0.41552734,3.4501953
2014-12-08,2060.31,2075.37,2075.2805,-0.08959961,-15.060059
2014-12-09,2059.82,2060.31,2061.806,1.4958496,-0.48999023
2014-12-10,2026.14,2059.82,2060.069,0.24902344,-33.680054
2014-12-11,2035.33,2026.14,2029.1996,3.0595703,9.189941
2014-12-12,2002.33,2035.33,2034.7383,-0.5916748,-33.0
2014-12-15,1989.63,2002.33,2005.3298,2.999878,-12.699951
2014-12-16,1972.74,1989.63,1990.9177,1.2877197,-16.890015
2014-12-17,2012.89,1972.74,1974.3817,1.6417236,40.150024
2014-12-18,2061.23,2012.89,2009.5602,-3.329834,48.339966
2014-12-19,2070.65,2061.23,2057.1692,-4.060791,9.419922
2014-12-22,2078.54,2070.65,2070.042,-0.60791016,7.8901367
2014-12-23,2082.17,2078.54,2078.0657,-0.47436523,3.6298828
2014-12-24,2081.88,2082.17,2082.0654,-0.10449219,-0.29003906
2014-12-26,2088.77,2081.88,2082.114,0.23413086,6.8901367
2014-12-29,2090.57,2088.77,2088.3838,-0.38623047,1.8000488
2014-12-30,2080.35,2090.57,2090.6248,0.0546875,-10.219971
2014-12-31,2058.9,2080.35,2081.4355,1.0854492,-21.450195
2015-01-02,2058.2,2058.9,2060.9368,2.0368652,-0.6999512
2015-01-05,2020.58,2058.2,2058.4668,0.2668457,-37.619995
2015-01-06,2002.61,2020.58,2023.9668,3.3868408,-17.96997
2015-01-07,2025.9,2002.61,2004.3466,1.7365723,23.29004
2015-01-08,2062.14,2025.9,2024.072,-1.8280029,36.23987
2015-01-09,2044.81,2062.14,2059.1665,-2.9733887,-17.329834
2015-01-12,2028.26,2044.81,2046.4968,1.6867676,-16.550049
2015-01-13,2023.03,2028.26,2029.8788,1.6187744,-5.2299805
2015-01-14,2011.27,2023.03,2023.6829,0.65283203,-11.76001
2015-01-15,1992.67,2011.27,2012.4799,1.2098389,-18.599976
2015-01-16,2019.42,1992.67,1994.4587,1.7886963,26.75
2015-01-20,2022.55,2019.42,2017.2855,-2.1345215,3.130005
2015-01-21,2032.12,2022.55,2022.4828,-0.06726074,9.569946
2015-01-22,2063.15,2032.12,2031.495,-0.625,31.029907
2015-01-23,2051.82,2063.15,2060.6409,-2.5090332,-11.329834
2015-01-26,2057.09,2051.82,2052.9976,1.1774902,5.2700195
2015-01-27,2029.55,2057.09,2056.841,-0.24902344,-27.54004
2015-01-28,2002.16,2029.55,2032.0962,2.5461426,-27.390015
2015-01-29,2021.25,2002.16,2004.6904,2.5303955,19.089966
2015-01-30,1994.99,2021.25,2019.7914,-1.4586182,-26.26001
2015-02-02,2020.85,1994.99,1997.4248,2.4348145,25.859985
2015-02-03,2050.03,2020.85,2018.7944,-2.055542,29.180054
2015-02-04,2041.51,2050.03,2047.6837,-2.3463135,-8.52002
2015-02-05,2062.52,2041.51,2042.4465,0.93652344,21.01001
2015-02-06,2055.47,2062.52,2060.897,-1.6230469,-7.050049
2015-02-09,2046.74,2055.47,2056.282,0.8120117,-8.72998
2015-02-10,2068.59,2046.74,2047.695,0.95495605,21.850098
2015-02-11,2068.53,2068.59,2066.8938,-1.6962891,-0.060058594
2015-02-12,2088.48,2068.53,2068.743,0.21289062,19.949951
2015-02-13,2096.99,2088.48,2086.9531,-1.5268555,8.51001
2015-02-17,2100.34,2096.99,2096.4639,-0.52612305,3.3500977
2015-02-18,2099.68,2100.34,2100.2615,-0.07861328,-0.66015625
2015-02-19,2097.45,2099.68,2099.9475,0.26757812,-2.2299805
2015-02-20,2110.3,2097.45,2097.8525,0.4025879,12.850098
2015-02-23,2109.66,2110.3,2109.3972,-0.90283203,-0.6401367
2015-02-24,2115.48,2109.66,2109.9268,0.2668457,5.8200684
2015-02-25,2113.86,2115.48,2115.1892,-0.29077148,-1.619873
2015-02-26,2110.74,2113.86,2114.212,0.35180664,-3.1201172
2015-02-27,2104.5,2110.74,2111.2202,0.4802246,-6.23999
2015-03-02,2117.39,2104.5,2105.2476,0.7475586,12.889893
2015-03-03,2107.78,2117.39,2116.4844,-0.9055176,-9.609863
2015-03-04,2098.53,2107.78,2108.8162,1.0361328,-9.25
2015-03-05,2101.04,2098.53,2099.5347,1.0046387,2.5100098
2015-03-06,2071.26,2101.04,2101.0342,-0.005859375,-29.78003
2015-03-09,2079.43,2071.26,2073.999,2.7390137,8.169922
2015-03-10,2044.16,2079.43,2078.9316,-0.49829102,-35.269897
2015-03-11,2040.24,2044.16,2047.3545,3.194458,-3.920044
2015-03-12,2065.95,2040.24,2040.7821,0.54211426,25.70996
2015-03-13,2053.4,2065.95,2063.9128,-2.0371094,-12.550049
2015-03-16,2081.19,2053.4,2054.6814,1.2814941,27.79004
2015-03-17,2074.28,2081.19,2078.9705,-2.2194824,-6.909912
2015-03-18,2099.5,2074.28,2075.082,0.80200195,25.21997
2015-03-19,2089.27,2099.5,2097.51,-1.9899902,-10.22998
2015-03-20,2108.1,2089.27,2090.3574,1.0874023,18.830078
2015-03-23,2104.42,2108.1,2106.6736,-1.4265137,-3.6801758
2015-03-24,2091.5,2104.42,2104.948,0.5280762,-12.919922
2015-03-25,2061.05,2091.5,2092.817,1.3168945,-30.449951
2015-03-26,2056.15,2061.05,2063.8438,2.7937012,-4.9001465
2015-03-27,2061.02,2056.15,2056.7776,0.62768555,4.870117
2015-03-30,2086.24,2061.02,2060.806,-0.21411133,25.21997
2015-03-31,2067.89,2086.24,2084.2485,-1.9914551,-18.350098
2015-04-01,2059.69,2067.89,2069.6655,1.7756348,-8.199951
2015-04-02,2066.96,2059.69,2060.6008,0.9108887,7.2700195
2015-04-06,2080.62,2066.96,2066.5386,-0.42138672,13.660156
2015-04-07,2076.33,2080.62,2079.6436,-0.9765625,-4.290039
2015-04-08,2081.9,2076.33,2076.9075,0.5773926,5.569824
2015-04-09,2091.18,2081.9,2081.6274,-0.27246094,9.280029
2015-04-10,2102.06,2091.18,2090.5862,-0.59375,10.880127
2015-04-13,2092.43,2102.06,2101.3281,-0.7319336,-9.630127
2015-04-14,2095.84,2092.43,2093.4663,1.036377,3.4101562
2015-04-15,2106.63,2095.84,2095.756,-0.083984375,10.789795
2015-04-16,2104.99,2106.63,2105.9062,-0.7236328,-1.6398926
2015-04-17,2081.18,2104.99,2105.3425,0.35253906,-23.810059
2015-04-20,2100.4,2081.18,2083.4182,2.2382812,19.21997
2015-04-21,2097.29,2100.4,2098.9385,-1.4614258,-3.1098633
2015-04-22,2107.96,2097.29,2097.7683,0.47827148,10.669922
2015-04-23,2112.93,2107.96,2107.2468,-0.71313477,4.9699707
2015-04-24,2117.69,2112.93,2112.7126,-0.21728516,4.76001
2015-04-27,2108.92,2117.69,2117.4912,-0.19873047,-8.77002
2015-04-28,2114.76,2108.92,2109.8845,0.9645996,5.840088
2015-04-29,2106.85,2114.76,2114.4673,-0.2927246,-7.909912
2015-04-30,2085.51,2106.85,2107.741,0.89086914,-21.340088
2015-05-01,2108.29,2085.51,2087.5405,2.0305176,22.78003
2015-05-04,2114.49,2108.29,2106.5164,-1.7736816,6.199951
2015-05-05,2089.46,2114.49,2114.166,-0.3239746,-25.03003
2015-05-06,2080.15,2089.46,2091.802,2.342041,-9.310059
2015-05-07,2088.0,2080.15,2081.1577,1.0078125,7.8500977
2015-05-08,2116.1,2088.0,2087.5303,-0.46972656,28.100098
2015-05-11,2105.33,2116.1,2113.8572,-2.24292,-10.77002
2015-05-12,2099.12,2105.33,2106.4653,1.1352539,-6.209961
2015-05-13,2098.48,2099.12,2099.8645,0.74438477,-0.6401367
2015-05-14,2121.1,2098.48,2098.7458,0.26586914,22.620117
2015-05-15,2122.73,2121.1,2119.3418,-1.7583008,1.6298828
2015-05-18,2129.2,2122.73,2122.8022,0.072265625,6.4699707
2015-05-19,2127.83,2129.2,2128.854,-0.34594727,-1.369873
2015-05-20,2125.85,2127.83,2128.1616,0.33154297,-1.9799805
2015-05-21,2130.82,2125.85,2126.2341,0.3840332,4.9699707
2015-05-22,2126.06,2130.82,2130.6045,-0.21557617,-4.76001
2015-05-26,2104.2,2126.06,2126.683,0.6230469,-21.860107
2015-05-27,2123.48,2104.2,2106.2764,2.076416,19.28003
2015-05-28,2120.79,2123.48,2122.0156,-1.4643555,-2.6899414
2015-05-29,2107.39,2120.79,2121.2344,0.44433594,-13.4001465
2015-06-01,2111.73,2107.39,2108.7495,1.3596191,4.340088
2015-06-02,2109.6,2111.73,2111.567,-0.16308594,-2.1298828
2015-06-03,2114.07,2109.6,2109.995,0.39501953,4.4699707
2015-06-04,2095.84,2114.07,2113.896,-0.17407227,-18.22998
2015-06-05,2092.83,2095.84,2097.6084,1.7683105,-3.0100098
2015-06-08,2079.28,2092.83,2093.2993,0.46923828,-13.550049
2015-06-09,2080.15,2079.28,2080.6492,1.3691406,0.86987305
2015-06-10,2105.2,2080.15,2080.2834,0.13354492,25.050049
2015-06-11,2108.86,2105.2,2103.2256,-1.9743652,3.6601562
2015-06-12,2094.11,2108.86,2108.7556,-0.10449219,-14.75
2015-06-15,2084.43,2094.11,2095.583,1.4729004,-9.680176
2015-06-16,2096.29,2084.43,2085.4697,1.0397949,11.860107
2015-06-17,2100.44,2096.29,2095.4722,-0.8178711,4.1499023
2015-06-18,2121.24,2100.44,2100.2922,-0.14770508,20.800049
2015-06-19,2109.99,2121.24,2119.6418,-1.5981445,-11.25
2015-06-22,2122.85,2109.99,2111.1667,1.1767578,12.860107
2015-06-23,2124.2,2122.85,2121.9478,-0.90234375,1.3498535
2015-06-24,2108.58,2124.2,2124.2966,0.09667969,-15.619873
2015-06-25,2102.31,2108.58,2110.1284,1.5483398,-6.2700195
2015-06-26,2101.49,2102.31,2103.06,0.75,-0.82006836
2015-06-29,2057.64,2101.49,2101.7715,0.28149414,-43.850098
2015-06-30,2063.11,2057.64,2061.548,3.9082031,5.470215
2015-07-01,2077.42,2063.11,2062.8445,-0.265625,14.309814
2015-07-02,2076.78,2077.42,2076.3862,-1.0336914,-0.6398926
2015-07-06,2068.76,2076.78,2077.0437,0.26367188,-8.02002
2015-07-07,2081.34,2068.76,2069.6565,0.8964844,12.580078
2015-07-08,2046.68,2081.34,2080.4578,-0.8823242,-34.660034
2015-07-09,2051.31,2046.68,2049.8237,3.1436768,4.630005
2015-07-10,2076.62,2051.31,2051.116,-0.1940918,25.310059
2015-07-13,2099.6,2076.62,2074.6196,-2.0004883,22.97998
2015-07-14,2108.95,2099.6,2097.8079,-1.7922363,9.3498535
2015-07-15,2107.4,2108.95,2108.352,-0.5979004,-1.5500488
2015-07-16,2124.29,2107.4,2107.745,0.34521484,16.890137
2015-07-17,2126.64,2124.29,2123.0354,-1.2546387,2.3498535
2015-07-20,2128.28,2126.64,2126.6506,0.0107421875,1.6401367
2015-07-21,2119.21,2128.28,2128.352,0.072021484,-9.070068
2015-07-22,2114.15,2119.21,2120.2012,0.99121094,-5.0600586
2015-07-23,2102.15,2114.15,2114.7974,0.64746094,-12.0
2015-07-24,2079.65,2102.15,2103.3896,1.2397461,-22.5
2015-07-27,2067.64,2079.65,2081.7778,2.1279297,-12.01001
2015-07-28,2093.25,2067.64,2068.877,1.2370605,25.610107
2015-07-29,2108.57,2093.25,2091.2249,-2.0251465,15.320068
2015-07-30,2108.63,2108.57,2107.4512,-1.1188965,0.059814453
2015-07-31,2103.84,2108.63,2108.8362,0.20629883,-4.789795
2015-08-03,2098.04,2103.84,2104.4634,0.623291,-5.800049
2015-08-04,2093.32,2098.04,2098.7493,0.7092285,-4.7199707
2015-08-05,2099.84,2093.32,2093.9363,0.61621094,6.5200195
2015-08-06,2083.56,2099.84,2099.487,-0.35302734,-16.28003
2015-08-07,2077.57,2083.56,2085.1619,1.6018066,-5.98999
2015-08-10,2104.18,2077.57,2078.2935,0.7233887,26.609863
2015-08-11,2084.07,2104.18,2102.0676,-2.1123047,-20.109863
2015-08-12,2086.05,2084.07,2085.9966,1.9265137,1.9799805
2015-08-13,2083.39,2086.05,2086.0886,0.03857422,-2.6601562
2015-08-14,2091.54,2083.39,2083.828,0.43798828,8.1501465
2015-08-17,2102.44,2091.54,2091.0447,-0.49536133,10.899902
2015-08-18,2096.92,2102.44,2101.7063,-0.7336426,-5.5200195
2015-08-19,2079.61,2096.92,2097.605,0.6850586,-17.309814
2015-08-20,2035.73,2079.61,2081.2988,1.6887207,-43.880127
2015-08-21,1970.89,2035.73,2039.6376,3.9075928,-64.839966
2015-08-24,1893.21,1970.89,1976.4999,5.6098633,-77.68005
2015-08-25,1867.61,1893.21,1899.8333,6.623291,-25.599976
2015-08-26,1940.51,1867.61,1869.9746,2.364624,72.900024
2015-08-27,1987.66,1940.51,1934.1744,-6.3355713,47.150024
2015-08-28,1988.87,1987.66,1983.6958,-3.9642334,1.2099609
2015-08-31,1972.18,1988.87,1988.9653,0.095336914,-16.689941
2015-09-01,1913.85,1972.18,1973.8048,1.6247559,-58.33008
2015-09-02,1948.86,1913.85,1918.9221,5.0721436,35.01001
2015-09-03,1951.13,1948.86,1945.9819,-2.8780518,2.2700195
2015-09-04,1921.22,1951.13,1951.1299,-0.00012207031,-29.910034
2015-09-08,1969.41,1921.22,1923.952,2.7320557,48.190063
2015-09-09,1942.04,1969.41,1965.3489,-4.061157,-27.369995
2015-09-10,1952.29,1942.04,1944.5619,2.5218506,10.25
2015-09-11,1961.05,1952.29,1951.5977,-0.6923828,8.76001
2015-09-14,1953.03,1961.05,1960.4883,-0.5617676,-8.02002
2015-09-15,1978.09,1953.03,1953.9148,0.8847656,25.059937
2015-09-16,1995.31,1978.09,1976.1002,-1.9897461,17.220093
2015-09-17,1990.2,1995.31,1994.0128,-1.2972412,-5.1101074
2015-09-18,1958.03,1990.2,1990.8391,0.63916016,-32.16992
2015-09-21,1966.97,1958.03,1960.9552,2.925171,8.939941
2015-09-22,1942.74,1966.97,1966.3932,-0.5767822,-24.22998
2015-09-23,1938.76,1942.74,1944.9983,2.2583008,-3.9799805
2015-09-24,1932.24,1938.76,1939.2971,0.5371094,-6.5200195
2015-09-25,1931.34,1932.24,1932.9941,0.7541504,-0.9000244
2015-09-28,1881.77,1931.34,1931.6115,0.27148438,-49.569946
2015-09-29,1884.09,1881.77,1886.1228,4.352783,2.3199463
2015-09-30,1920.03,1884.09,1884.0789,-0.011108398,35.940063
2015-10-01,1923.82,1920.03,1917.0652,-2.9648438,3.789917
2015-10-02,1951.36,1923.82,1923.6857,-0.13427734,27.54004
2015-10-05,1987.05,1951.36,1949.1476,-2.2124023,35.690063
2015-10-06,1979.92,1987.05,1984.1162,-2.933838,-7.130005
2015-10-07,1995.83,1979.92,1980.7312,0.8111572,15.909912
2015-10-08,2013.43,1995.83,1994.6476,-1.182373,17.600098
2015-10-09,2014.89,2013.43,2012.1014,-1.3286133,1.4599609
2015-10-12,2017.46,2014.89,2014.9664,0.076416016,2.5699463
2015-10-13,2003.69,2017.46,2017.4406,-0.01940918,-13.77002
2015-10-14,1994.24,2003.69,2005.0701,1.380127,-9.449951
2015-10-15,2023.86,1994.24,1995.2511,1.0111084,29.619995
2015-10-16,2033.11,2023.86,2021.4714,-2.3885498,9.25
2015-10-19,2033.66,2033.11,2032.513,-0.5970459,0.5500488
2015-10-20,2030.77,2033.66,2033.8167,0.15661621,-2.8900146
2015-10-21,2018.94,2030.77,2031.2228,0.4527588,-11.830078
2015-10-22,2052.51,2018.94,2020.1566,1.2166748,33.57007
2015-10-23,2075.15,2052.51,2049.7737,-2.7363281,22.639893
2015-10-26,2071.18,2075.15,2073.3848,-1.7651367,-3.9699707
2015-10-27,2065.89,2071.18,2071.7295,0.54956055,-5.290039
2015-10-28,2090.35,2065.89,2066.552,0.6621094,24.460205
2015-10-29,2089.41,2090.35,2088.426,-1.9240723,-0.94018555
2015-10-30,2079.36,2089.41,2089.7007,0.29077148,-10.049805
2015-11-02,2104.05,2079.36,2080.4312,1.0710449,24.689941
2015-11-03,2109.79,2104.05,2102.1074,-1.942627,5.73999
2015-11-04,2102.31,2109.79,2109.5056,-0.28442383,-7.4799805
2015-11-05,2099.93,2102.31,2103.1636,0.8535156,-2.380127
2015-11-06,2099.2,2099.93,2100.3457,0.41577148,-0.72998047
2015-11-09,2078.58,2099.2,2099.4734,0.2734375,-20.619873
2015-11-10,2081.72,2078.58,2080.549,1.9689941,3.1398926
2015-11-11,2075.0,2081.72,2081.6577,-0.06225586,-6.7199707
2015-11-12,2045.97,2075.0,2075.786,0.7858887,-29.03003
2015-11-13,2023.04,2045.97,2048.643,2.6730957,-22.929932
2015-11-16,2053.19,2023.04,2025.1978,2.1577148,30.149902
2015-11-17,2050.44,2053.19,2050.7578,-2.432129,-2.75
2015-11-18,2083.58,2050.44,2050.8826,0.44262695,33.140137
2015-11-19,2081.24,2083.58,2080.886,-2.6940918,-2.340088
2015-11-20,2089.17,2081.24,2081.6504,0.4104004,7.9299316
2015-11-23,2086.59,2089.17,2088.6934,-0.4765625,-2.579834
2015-11-24,2089.14,2086.59,2087.0217,0.43164062,2.5498047
2015-11-25,2088.87,2089.14,2089.1294,-0.010498047,-0.2697754
2015-11-27,2090.11,2088.87,2089.103,0.23291016,1.2399902
2015-11-30,2080.41,2090.11,2090.213,0.1027832,-9.700195
2015-12-01,2102.63,2080.41,2081.451,1.0410156,22.21997
2015-12-02,2079.51,2102.63,2100.9048,-1.7250977,-23.119873
2015-12-03,2049.62,2079.51,2081.69,2.1799316,-29.889893
2015-12-04,2091.69,2049.62,2052.3657,2.7456055,42.069824
2015-12-07,2077.07,2091.69,2088.1985,-3.491455,-14.619873
2015-12-08,2063.59,2077.07,2078.5303,1.4602051,-13.47998
2015-12-09,2047.62,2063.59,2064.952,1.3618164,-15.970093
2015-12-10,2052.23,2047.62,2049.1917,1.5716553,4.6099854
2015-12-11,2012.37,2052.23,2052.0376,-0.19238281,-39.859985
2015-12-14,2021.94,2012.37,2015.9418,3.5717773,9.569946
2015-12-15,2043.41,2021.94,2021.3138,-0.62609863,21.470093
2015-12-16,2073.07,2043.41,2041.7445,-1.6655273,29.660034
2015-12-17,2041.89,2073.07,2070.6838,-2.3862305,-31.180054
2015-12-18,2005.55,2041.89,2044.7426,2.852539,-36.339966
2015-12-21,2021.15,2005.55,2008.8286,3.2785645,15.599976
2015-12-22,2038.97,2021.15,2019.9974,-1.1525879,17.819946
2015-12-23,2064.29,2038.97,2037.6248,-1.3452148,25.320068
2015-12-24,2060.99,2064.29,2062.287,-2.0029297,-3.3000488
2015-12-28,2056.5,2060.99,2061.481,0.4909668,-4.48999
2015-12-29,2078.36,2056.5,2057.0928,0.59277344,21.860107
2015-12-30,2063.36,2078.36,2076.664,-1.6960449,-15.0
2015-12-31,2043.94,2063.36,2064.851,1.4909668,-19.420166
