Date,Actual,PrevClose,LSTM,"ARIMA(1, 0, 0)",MA-30,Persistence
2012-10-18,1457.34,1460.91,1461.0851,1460.4009,1447.5819,1460.91
2012-10-19,1433.19,1457.34,1457.509,1457.6437,1448.4227,1457.34
2012-10-22,1433.82,1433.19,1433.3551,1435.2267,1448.265,1433.19
2012-10-23,1413.11,1433.82,1433.9873,1433.7671,1448.4232,1433.82
2012-10-24,1408.75,1413.11,1413.283,1414.8584,1447.7415,1413.11
2012-10-25,1412.97,1408.75,1408.9347,1409.1205,1446.8145,1408.75
2012-10-26,1411.94,1412.97,1413.1682,1412.6116,1445.247,1412.97
2012-10-31,1412.16,1411.94,1412.1509,1412.0282,1443.4528,1411.94
2012-11-01,1427.59,1412.16,1412.3821,1412.142,1441.8184,1412.16
2012-11-02,1414.2,1427.59,1427.8207,1426.2733,1440.7606,1427.59
2012-11-05,1417.26,1414.2,1414.4338,1415.3331,1439.199,1414.2
2012-11-06,1428.39,1417.26,1417.498,1417.0004,1437.7657,1417.26
2012-11-07,1394.53,1428.39,1428.6302,1427.4418,1436.7072,1428.39
2012-11-08,1377.51,1394.53,1394.7695,1397.3757,1434.6284,1394.53
2012-11-09,1379.85,1377.51,1377.7578,1378.9485,1432.4924,1377.51
2012-11-12,1380.03,1379.85,1380.1123,1379.6517,1430.7102,1379.85
2012-11-13,1374.53,1380.03,1380.3073,1380.0154,1428.4729,1380.03
2012-11-14,1355.49,1374.53,1374.8212,1374.9971,1426.2682,1374.53
2012-11-15,1353.33,1355.49,1355.7946,1357.0978,1423.3015,1355.49
2012-11-16,1359.88,1353.33,1353.6525,1353.5139,1420.2207,1353.33
2012-11-19,1386.89,1359.88,1360.2205,1359.3229,1417.1836,1359.88
2012-11-20,1387.81,1386.89,1387.2458,1384.5754,1414.7,1386.89
2012-11-21,1391.03,1387.81,1388.1685,1387.7324,1412.2626,1387.81
2012-11-23,1409.15,1391.03,1391.3868,1390.7568,1410.101,1391.03
2012-11-26,1406.29,1409.15,1409.5028,1407.6022,1409.0232,1409.15
2012-11-27,1398.94,1406.29,1406.6307,1406.5334,1408.1477,1406.29
2012-11-28,1409.93,1398.94,1399.2684,1399.5635,1407.0177,1398.94
2012-11-29,1415.95,1409.93,1410.2501,1408.9937,1406.3956,1409.93
2012-11-30,1416.18,1415.95,1416.2595,1415.4381,1405.5896,1415.95
2012-12-03,1409.46,1416.18,1416.4781,1416.1611,1404.2983,1416.18
2012-12-04,1407.05,1409.46,1409.7479,1410.0303,1402.5834,1409.46
2012-12-05,1409.28,1407.05,1407.3315,1407.2551,1400.907,1407.05
2012-12-06,1413.94,1409.28,1409.5577,1409.0911,1400.11,1409.28
2012-12-07,1418.07,1413.94,1414.2147,1413.5441,1399.4475,1413.94
2012-12-10,1418.55,1418.07,1418.3411,1417.7192,1399.6129,1418.07
2012-12-11,1427.84,1418.55,1418.8169,1418.5099,1399.9395,1418.55
2012-12-12,1428.48,1427.84,1428.1023,1427.0491,1400.4352,1427.84
2012-12-13,1419.45,1428.48,1428.7354,1428.4263,1400.9865,1428.48
2012-12-14,1413.58,1419.45,1419.6985,1420.2155,1401.2294,1419.45
2012-12-17,1430.36,1413.58,1413.8252,1414.0784,1400.7622,1413.58
2012-12-18,1446.79,1430.36,1430.6044,1428.9274,1401.3009,1430.36
2012-12-19,1435.81,1446.79,1447.0293,1445.3876,1402.2853,1446.79
2012-12-20,1443.69,1435.81,1436.0394,1436.7404,1402.5325,1435.81
2012-12-21,1430.15,1443.69,1443.9116,1443.0195,1404.1713,1443.69
2012-12-24,1426.66,1430.15,1430.3636,1431.296,1405.9258,1430.15
2012-12-26,1419.83,1426.66,1426.8702,1426.9568,1407.4863,1426.66
2012-12-27,1418.1,1419.83,1420.04,1420.4095,1408.8129,1419.83
2012-12-28,1402.43,1418.1,1418.313,1418.2476,1410.2654,1418.1
2012-12-31,1426.19,1402.43,1402.6486,1403.7551,1411.83,1402.43
2013-01-02,1462.42,1426.19,1426.4172,1424.1566,1414.2585,1426.19
2013-01-03,1459.37,1462.42,1462.6484,1459.3074,1417.6766,1462.42
2013-01-04,1466.47,1459.37,1459.5873,1459.6295,1420.0929,1459.37
2013-01-07,1461.89,1466.47,1466.6735,1465.8662,1422.7148,1466.47
2013-01-08,1457.15,1461.89,1462.0774,1462.2792,1425.0768,1461.89
2013-01-09,1461.02,1457.15,1457.3236,1457.5529,1426.6769,1457.15
2013-01-10,1472.12,1461.02,1461.1827,1460.6915,1428.5011,1461.02
2013-01-11,1472.05,1472.12,1472.2719,1471.1744,1430.9402,1472.12
2013-01-14,1470.68,1472.05,1472.1906,1472.0568,1433.0111,1472.05
2013-01-15,1472.34,1470.68,1470.8105,1470.797,1434.8353,1470.68
2013-01-16,1472.63,1472.34,1472.4619,1472.1996,1436.7073,1472.34
2013-01-17,1480.94,1472.63,1472.7449,1472.6061,1438.813,1472.63
2013-01-18,1485.98,1480.94,1481.0475,1480.2328,1441.2761,1480.94
2013-01-22,1492.56,1485.98,1486.0792,1485.5519,1443.8326,1485.98
2013-01-23,1494.81,1492.56,1492.6495,1492.0006,1446.4532,1492.56
2013-01-24,1494.82,1494.81,1494.8888,1494.6195,1449.0114,1494.81
2013-01-25,1502.96,1494.82,1494.8882,1494.8198,1451.5536,1494.82
2013-01-28,1500.18,1502.96,1503.0173,1502.2673,1454.0577,1502.96
2013-01-29,1507.84,1500.18,1500.2269,1500.4166,1456.4476,1500.18
2013-01-30,1501.96,1507.84,1507.8762,1507.1884,1459.394,1507.84
2013-01-31,1498.11,1501.96,1501.9873,1502.4594,1462.3401,1501.96
2013-02-01,1513.17,1498.11,1498.1312,1498.4374,1464.5984,1498.11
2013-02-04,1495.71,1513.17,1513.1843,1511.8855,1466.811,1513.17
2013-02-05,1511.29,1495.71,1495.7203,1497.1862,1468.8079,1495.71
2013-02-06,1512.12,1511.29,1511.2958,1509.9609,1471.061,1511.29
2013-02-07,1509.39,1512.12,1512.1204,1512.0502,1473.7935,1512.12
2013-02-08,1517.93,1509.39,1509.3857,1509.6224,1476.5511,1509.39
2013-02-11,1517.01,1517.93,1517.9198,1517.2034,1479.821,1517.93
2013-02-12,1519.43,1517.01,1516.9938,1517.0889,1483.1183,1517.01
2013-02-13,1520.33,1519.43,1519.4075,1519.225,1487.018,1519.43
2013-02-14,1521.38,1520.33,1520.3011,1520.2542,1490.156,1520.33
2013-02-15,1519.79,1521.38,1521.3453,1521.2915,1492.1213,1521.38
2013-02-19,1530.94,1519.79,1519.7506,1519.9258,1494.1353,1519.79
2013-02-20,1511.95,1530.94,1530.8938,1529.9902,1496.2843,1530.94
2013-02-21,1502.42,1511.95,1511.9019,1513.5546,1497.953,1511.95
2013-02-22,1515.6,1502.42,1502.3741,1503.228,1499.462,1502.42
2013-02-25,1487.85,1515.6,1515.5557,1514.4766,1501.2814,1515.6
2013-02-26,1496.94,1487.85,1487.8141,1490.1882,1501.8059,1487.85
2013-02-27,1515.99,1496.94,1496.9126,1496.1663,1502.6355,1496.94
2013-02-28,1514.68,1515.99,1515.9669,1514.3629,1504.1458,1515.99
2013-03-01,1518.2,1514.68,1514.6584,1514.792,1505.5571,1514.68
2013-03-04,1525.2,1518.2,1518.177,1517.9014,1507.076,1518.2
2013-03-05,1539.79,1525.2,1525.1721,1524.6047,1508.5513,1525.2
2013-03-06,1541.46,1539.79,1539.7524,1538.5459,1510.3448,1539.79
2013-03-07,1544.26,1541.46,1541.4099,1541.3187,1511.9749,1541.46
2013-03-08,1551.18,1544.26,1544.1962,1544.0226,1513.6233,1544.26
2013-03-11,1556.22,1551.18,1551.101,1550.5917,1515.502,1551.18
2013-03-12,1552.48,1556.22,1556.1248,1555.7919,1517.2773,1556.22
2013-03-13,1554.52,1552.48,1552.371,1552.7981,1519.0208,1552.48
2013-03-14,1563.23,1554.52,1554.3986,1554.3473,1520.5767,1554.52
2013-03-15,1560.7,1563.23,1563.0953,1562.4889,1522.619,1563.23
2013-03-18,1552.1,1560.7,1560.5546,1560.9154,1524.7052,1560.7
2013-03-19,1548.34,1552.1,1551.9481,1552.8293,1526.003,1552.1
2013-03-20,1558.71,1548.34,1548.1849,1548.6597,1527.7573,1548.34
2013-03-21,1545.8,1558.71,1558.5504,1557.827,1529.338,1558.71
2013-03-22,1556.89,1545.8,1545.6417,1546.8933,1530.4607,1545.8
2013-03-25,1551.69,1556.89,1556.7296,1555.9456,1532.0442,1556.89
2013-03-26,1563.77,1551.69,1551.53,1552.1317,1533.1694,1551.69
2013-03-27,1562.85,1563.77,1563.6064,1562.7408,1534.7281,1563.77
2013-03-28,1569.19,1562.85,1562.6829,1562.9288,1536.1754,1562.85
2013-04-01,1562.17,1569.19,1569.0165,1568.651,1537.8042,1569.19
2013-04-02,1570.25,1562.17,1561.9926,1562.766,1539.164,1562.17
2013-04-03,1553.69,1570.25,1570.0659,1569.5626,1540.8458,1570.25
2013-04-04,1559.98,1553.69,1553.5057,1555.0907,1541.6041,1553.69
2013-04-05,1553.28,1559.98,1559.7941,1559.4453,1543.2053,1559.98
2013-04-08,1563.07,1553.28,1553.0962,1553.8489,1544.9005,1553.28
2013-04-09,1568.61,1563.07,1562.8853,1562.2366,1546.4828,1563.07
2013-04-10,1587.73,1568.61,1568.423,1568.1393,1549.1747,1568.61
2013-04-11,1593.37,1587.73,1587.5332,1586.0974,1552.2012,1587.73
2013-04-12,1588.85,1593.37,1593.1606,1592.8907,1554.7804,1593.37
2013-04-15,1552.36,1588.85,1588.6284,1589.2343,1557.2528,1588.85
2013-04-16,1574.57,1552.36,1552.14,1555.4279,1558.3914,1552.36
2013-04-17,1552.01,1574.57,1574.3444,1572.6716,1560.0371,1574.57
2013-04-18,1541.61,1552.01,1551.7914,1553.9146,1560.4445,1552.01
2013-04-19,1555.25,1541.61,1541.4021,1542.4916,1560.4495,1541.61
2013-04-22,1562.5,1555.25,1555.0494,1554.0873,1560.8158,1555.25
2013-04-23,1578.78,1562.5,1562.3049,1561.8834,1561.1931,1562.5
2013-04-24,1578.79,1578.78,1578.5833,1577.3911,1561.9452,1578.78
2013-04-25,1585.16,1578.79,1578.5895,1578.7899,1562.822,1578.79
2013-04-26,1582.24,1585.16,1584.951,1584.6187,1563.8434,1585.16
2013-04-29,1593.61,1582.24,1582.023,1582.4886,1564.4768,1582.24
2013-04-30,1597.57,1593.61,1593.3802,1592.6416,1565.574,1593.61
2013-05-01,1582.7,1597.57,1597.327,1597.2339,1567.0896,1597.57
2013-05-02,1597.59,1582.7,1582.4502,1583.9586,1568.2349,1582.7
2013-05-03,1614.42,1597.59,1597.3284,1596.3203,1569.5309,1597.59
2013-05-06,1617.5,1614.42,1614.1426,1612.9841,1571.8184,1614.42
2013-05-07,1625.96,1617.5,1617.2065,1617.2388,1573.8386,1617.5
2013-05-08,1632.69,1625.96,1625.6473,1625.2402,1576.3143,1625.96
2013-05-09,1626.67,1632.69,1632.3567,1632.1179,1578.6118,1632.69
2013-05-10,1633.7,1626.67,1626.3206,1627.1814,1580.7391,1626.67
2013-05-13,1633.77,1633.7,1633.3324,1633.1023,1582.8895,1633.7
2013-05-14,1650.34,1633.77,1633.3878,1633.7648,1585.276,1633.77
2013-05-15,1658.78,1650.34,1649.9373,1648.9265,1587.9458,1650.34
2013-05-16,1650.47,1658.78,1658.3564,1658.0621,1591.4487,1658.78
2013-05-17,1667.47,1650.47,1650.0319,1651.1752,1594.465,1650.47
2013-05-20,1666.29,1667.47,1667.009,1666.0198,1598.2712,1667.47
2013-05-21,1669.16,1666.29,1665.8118,1666.391,1601.712,1666.29
2013-05-22,1655.35,1669.16,1668.6641,1668.9167,1605.0636,1669.16
2013-05-23,1650.51,1655.35,1654.8468,1656.5195,1607.3177,1655.35
2013-05-24,1649.6,1650.51,1650.0023,1650.9214,1609.2224,1650.51
2013-05-28,1660.06,1649.6,1649.0905,1649.6781,1611.2474,1649.6
2013-05-29,1648.36,1660.06,1659.5452,1659.1697,1614.8374,1660.06
2013-05-30,1654.41,1648.36,1647.8492,1649.3516,1617.2971,1648.36
2013-05-31,1630.74,1654.41,1653.8982,1653.896,1620.7104,1654.41
2013-06-03,1640.42,1630.74,1630.2416,1632.7384,1623.6814,1630.74
2013-06-04,1631.38,1640.42,1639.9255,1639.5962,1626.5203,1640.42
2013-06-05,1608.9,1631.38,1630.8971,1632.1469,1628.8163,1631.38
2013-06-06,1622.56,1608.9,1608.4384,1610.7985,1629.8202,1608.9
2013-06-07,1643.38,1622.56,1622.1084,1621.3959,1631.2792,1622.56
2013-06-10,1642.81,1643.38,1642.93,1641.6017,1633.2198,1643.38
2013-06-11,1626.13,1642.81,1642.3629,1642.8593,1635.2388,1642.81
2013-06-12,1612.52,1626.13,1625.6908,1627.5413,1636.3228,1626.13
2013-06-13,1636.36,1612.52,1612.0913,1613.6726,1636.8209,1612.52
2013-06-14,1626.73,1636.36,1635.9283,1634.3218,1638.6097,1636.36
2013-06-17,1639.04,1626.73,1626.3038,1627.5466,1639.5812,1626.73
2013-06-18,1651.81,1639.04,1638.6102,1637.9913,1640.4019,1639.04
2013-06-19,1628.93,1651.81,1651.3713,1650.7222,1641.5454,1651.81
2013-06-20,1588.19,1628.93,1628.4946,1630.8622,1641.6445,1628.93
2013-06-21,1592.43,1588.19,1587.774,1591.6117,1640.1614,1588.19
2013-06-24,1573.09,1592.43,1592.0277,1592.0702,1639.0199,1592.43
2013-06-25,1588.03,1573.09,1572.714,1574.7245,1636.9996,1573.09
2013-06-26,1603.26,1588.03,1587.6714,1586.7561,1635.4751,1588.03
2013-06-27,1613.2,1603.26,1602.9131,1601.9612,1633.9059,1603.26
2013-06-28,1606.28,1613.2,1612.8585,1612.3539,1632.3865,1613.2
2013-07-01,1614.96,1606.28,1605.9438,1606.8676,1630.9135,1606.28
2013-07-02,1614.08,1614.96,1614.6212,1614.2214,1629.1632,1614.96
2013-07-03,1615.41,1614.08,1613.7383,1614.1554,1627.4227,1614.08
2013-07-05,1631.89,1615.41,1615.0634,1615.2977,1625.6311,1615.41
2013-07-08,1640.46,1631.89,1631.5309,1630.4843,1624.849,1631.89
2013-07-09,1652.32,1640.46,1640.0859,1639.731,1624.514,1640.46
2013-07-10,1652.62,1652.32,1651.9257,1651.3098,1624.6047,1652.32
2013-07-11,1675.02,1652.62,1652.2068,1652.5952,1624.3568,1652.62
2013-07-12,1680.19,1675.02,1674.5771,1673.1061,1625.2455,1675.02
2013-07-15,1682.5,1680.19,1679.7191,1679.7509,1626.1049,1680.19
2013-07-16,1676.26,1682.5,1682.002,1682.3044,1627.8301,1682.5
2013-07-17,1680.91,1676.26,1675.7411,1676.7899,1629.0248,1676.26
2013-07-18,1689.37,1680.91,1680.3698,1680.5153,1630.6759,1680.91
2013-07-19,1692.09,1689.37,1688.8082,1688.6504,1633.3582,1689.37
2013-07-22,1695.53,1692.09,1691.51,1691.8595,1635.6759,1692.09
2013-07-23,1692.39,1695.53,1694.9329,1695.2383,1637.4141,1695.53
2013-07-24,1685.94,1692.39,1691.7805,1692.6573,1639.0669,1692.39
2013-07-25,1690.25,1685.94,1685.3235,1686.4877,1641.0604,1685.94
2013-07-26,1691.65,1690.25,1689.625,1689.8842,1643.6515,1690.25
2013-07-29,1685.33,1691.65,1691.0189,1691.5319,1645.4944,1691.65
2013-07-30,1685.96,1685.33,1684.6984,1685.8668,1647.4476,1685.33
2013-07-31,1685.73,1685.96,1685.327,1685.9072,1649.0116,1685.96
2013-08-01,1706.87,1685.73,1685.097,1685.7502,1650.1422,1685.73
2013-08-02,1709.67,1706.87,1706.2244,1705.0646,1652.7404,1706.87
2013-08-05,1707.14,1709.67,1709.015,1709.4329,1656.7896,1709.67
2013-08-06,1697.37,1707.14,1706.4766,1707.3555,1660.6134,1707.14
2013-08-07,1690.91,1697.37,1696.7037,1698.1986,1664.7561,1697.37
2013-08-08,1697.48,1690.91,1690.2434,1691.4587,1668.1854,1690.91
2013-08-09,1691.42,1697.48,1696.8091,1696.9216,1671.326,1697.48
2013-08-12,1689.47,1691.42,1690.7521,1691.9348,1673.9335,1691.42
2013-08-13,1694.16,1689.47,1688.805,1689.6364,1676.7064,1689.47
2013-08-14,1685.39,1694.16,1693.4952,1693.7618,1679.3463,1694.16
2013-08-15,1661.32,1685.39,1684.7322,1686.134,1681.7233,1685.39
2013-08-16,1655.83,1661.32,1660.6818,1663.352,1683.2537,1661.32
2013-08-19,1646.06,1655.83,1655.2089,1656.2964,1684.0516,1655.83
2013-08-20,1652.35,1646.06,1645.4617,1646.8885,1684.2383,1646.06
2013-08-21,1642.8,1652.35,1651.7681,1651.8154,1684.2394,1652.35
2013-08-22,1656.96,1642.8,1642.2405,1643.61,1683.912,1642.8
2013-08-23,1663.5,1656.96,1656.41,1655.753,1683.31,1656.96
2013-08-26,1656.78,1663.5,1662.9567,1662.9441,1682.7537,1663.5
2013-08-27,1630.48,1656.78,1656.2449,1657.3506,1681.8964,1656.78
2013-08-28,1634.96,1630.48,1629.9636,1632.6987,1680.3706,1630.48
2013-08-29,1638.17,1634.96,1634.4536,1634.5796,1678.8387,1634.96
2013-08-30,1632.97,1638.17,1637.6735,1637.8978,1677.1322,1638.17
2013-09-03,1639.77,1632.97,1632.4856,1633.4119,1675.1615,1632.97
2013-09-04,1653.08,1639.77,1639.2917,1639.192,1673.3029,1639.77
2013-09-05,1655.08,1653.08,1652.6005,1651.9458,1671.9923,1653.08
2013-09-06,1655.17,1655.08,1654.5985,1654.9106,1670.9635,1655.08
2013-09-09,1671.71,1655.17,1654.6848,1655.1631,1669.7943,1655.17
2013-09-10,1683.99,1671.71,1671.2108,1670.2992,1669.1295,1671.71
2013-09-11,1689.13,1683.99,1683.4725,1682.944,1669.0848,1683.99
2013-09-12,1683.42,1689.13,1688.5928,1688.6936,1669.1906,1689.13
2013-09-13,1687.99,1683.42,1682.8673,1683.905,1669.1135,1683.42
2013-09-16,1697.6,1687.99,1687.4191,1687.602,1668.4843,1687.99
2013-09-17,1704.76,1697.6,1697.0088,1696.7822,1668.0819,1697.6
2013-09-18,1725.52,1704.76,1704.1483,1704.1514,1668.0026,1704.76
2013-09-19,1722.34,1725.52,1724.8783,1723.7474,1668.9412,1725.52
2013-09-20,1709.91,1722.34,1721.6765,1722.6108,1669.9888,1722.34
2013-09-23,1701.84,1709.91,1709.2332,1710.9633,1670.403,1709.91
2013-09-24,1697.42,1701.84,1701.1548,1702.5249,1670.7504,1701.84
2013-09-25,1692.77,1697.42,1696.7311,1697.7958,1671.0155,1697.42
2013-09-26,1698.67,1692.77,1692.0826,1693.1653,1670.9691,1692.77
2013-09-27,1691.75,1698.67,1697.9817,1698.1687,1671.4119,1698.67
2013-09-30,1681.55,1691.75,1691.0681,1692.3375,1672.4261,1691.75
2013-10-01,1695.0,1681.55,1680.8795,1682.415,1673.2834,1681.55
2013-10-02,1693.87,1695.0,1694.3297,1693.854,1674.9148,1695.0
2013-10-03,1678.66,1693.87,1693.2042,1693.9667,1676.2988,1693.87
2013-10-04,1690.5,1678.66,1678.0068,1679.9475,1677.4941,1678.66
2013-10-07,1676.12,1690.5,1689.8469,1689.4917,1678.612,1690.5
2013-10-08,1655.45,1676.12,1675.4792,1677.3376,1679.0328,1676.12
2013-10-09,1656.4,1655.45,1654.8295,1657.1967,1678.9884,1655.45
2013-10-10,1692.56,1656.4,1655.7941,1656.3201,1679.8523,1656.4
2013-10-11,1703.2,1692.56,1691.9476,1689.4585,1681.7723,1692.56
2013-10-14,1710.14,1703.2,1702.5815,1702.2942,1683.9398,1703.2
2013-10-15,1698.06,1710.14,1709.5098,1709.5502,1686.5122,1710.14
2013-10-16,1721.54,1698.06,1697.4242,1699.0837,1688.4552,1698.06
2013-10-17,1733.15,1721.54,1720.8799,1719.5336,1690.737,1721.54
2013-10-18,1744.5,1733.15,1732.465,1732.1615,1693.3395,1733.15
2013-10-21,1744.66,1744.5,1743.7855,1743.5337,1696.3171,1744.5
2013-10-22,1754.67,1744.66,1743.9198,1744.6472,1698.7489,1744.66
2013-10-23,1746.38,1754.67,1753.8987,1753.8182,1701.105,1754.67
2013-10-24,1752.07,1746.38,1745.5895,1747.0835,1703.0133,1746.38
2013-10-25,1759.77,1752.07,1751.2565,1751.5867,1705.3016,1752.07
2013-10-28,1762.11,1759.77,1758.9337,1759.1154,1707.6945,1759.77
2013-10-29,1771.95,1762.11,1761.2549,1761.9119,1709.8446,1762.11
2013-10-30,1763.31,1771.95,1771.072,1771.1127,1712.0842,1771.95
2013-10-31,1756.54,1763.31,1762.4216,1764.0432,1713.3439,1763.31
2013-11-01,1761.64,1756.54,1755.6451,1757.115,1714.4839,1756.54
2013-11-04,1767.93,1761.64,1760.7351,1761.207,1716.2083,1761.64
2013-11-05,1762.97,1767.93,1767.0146,1767.3956,1718.4113,1767.93
2013-11-06,1770.49,1762.97,1762.0519,1763.3916,1720.5962,1762.97
2013-11-07,1747.15,1770.49,1769.562,1769.8507,1723.1868,1770.49
2013-11-08,1770.61,1747.15,1746.2346,1749.1216,1724.8029,1747.15
2013-11-11,1771.89,1770.61,1769.6802,1768.6056,1727.4314,1770.61
2013-11-12,1767.69,1771.89,1770.9557,1771.7821,1730.4429,1771.89
2013-11-13,1782.0,1767.69,1766.7542,1768.0471,1732.8658,1767.69
2013-11-14,1790.62,1782.0,1781.0496,1780.7806,1735.8036,1782.0
2013-11-15,1798.18,1790.62,1789.6539,1789.8868,1739.5356,1790.62
2013-11-18,1791.53,1798.18,1797.1953,1797.5374,1743.125,1798.18
2013-11-19,1787.87,1791.53,1790.5349,1792.095,1746.9722,1791.53
2013-11-20,1781.37,1787.87,1786.8654,1788.1814,1751.3862,1787.87
2013-11-21,1795.85,1781.37,1780.3619,1781.9221,1755.5519,1781.37
2013-11-22,1804.76,1795.85,1794.826,1794.6161,1758.9948,1795.85
2013-11-25,1802.48,1804.76,1803.721,1804.0022,1762.3802,1804.76
2013-11-26,1802.75,1802.48,1801.4321,1802.6744,1765.4584,1802.48
2013-11-27,1807.23,1802.75,1801.6925,1802.7279,1768.9479,1802.75
2013-11-29,1805.81,1807.23,1806.1602,1806.8499,1771.8042,1807.23
2013-12-02,1800.9,1805.81,1804.7323,1805.9315,1774.2261,1805.81
2013-12-03,1795.15,1800.9,1799.8192,1801.3174,1776.106,1800.9
2013-12-04,1792.81,1795.15,1794.0703,1795.6385,1777.789,1795.15
2013-12-05,1785.03,1792.81,1791.7323,1793.0094,1779.0602,1792.81
2013-12-06,1805.09,1785.03,1783.9613,1785.6906,1780.3485,1785.03
2013-12-09,1808.37,1805.09,1804.0101,1803.3778,1782.1157,1805.09
2013-12-10,1802.62,1808.37,1807.2861,1808.0919,1783.736,1808.37
2013-12-11,1782.22,1802.62,1801.537,1803.1086,1785.0863,1802.62
2013-12-12,1775.5,1782.22,1781.1519,1783.945,1785.4286,1782.22
2013-12-13,1775.32,1775.5,1774.4435,1776.0707,1785.8351,1775.5
2013-12-16,1786.54,1775.32,1774.2737,1775.336,1786.4609,1775.32
2013-12-17,1781.0,1786.54,1785.4954,1785.585,1787.291,1786.54
2013-12-18,1810.65,1781.0,1779.966,1781.4707,1787.7267,1781.0
2013-12-19,1809.6,1810.65,1809.5973,1808.1129,1789.3159,1810.65
2013-12-20,1818.32,1809.6,1808.5411,1809.69,1790.6195,1809.6
2013-12-23,1827.99,1818.32,1817.244,1817.5784,1792.9921,1818.32
2013-12-24,1833.32,1827.99,1826.8917,1827.1674,1794.9045,1827.99
2013-12-26,1842.02,1833.32,1832.1987,1832.8673,1796.9524,1833.32
2013-12-27,1841.4,1842.02,1840.8713,1841.2802,1799.4299,1842.02
2013-12-30,1841.07,1841.4,1840.2299,1841.4536,1801.41,1841.4
2013-12-31,1848.36,1841.07,1839.8805,1841.0989,1803.0916,1841.07
2014-01-02,1831.98,1848.36,1847.1471,1847.7404,1804.7643,1848.36
2014-01-03,1831.37,1831.98,1830.7656,1833.3667,1806.1125,1831.98
2014-01-06,1826.77,1831.37,1830.1489,1831.4226,1807.5626,1831.37
2014-01-07,1837.88,1826.77,1825.5498,1827.1611,1809.0759,1826.77
2014-01-08,1837.49,1837.88,1836.6501,1836.9344,1810.477,1837.88
2014-01-09,1838.13,1837.49,1836.2583,1837.5239,1811.5679,1837.49
2014-01-10,1842.37,1838.13,1836.8956,1838.0764,1812.7562,1838.13
2014-01-13,1819.2,1842.37,1841.1294,1842.0103,1814.0768,1842.37
2014-01-14,1838.88,1819.2,1817.9773,1821.1578,1814.476,1819.2
2014-01-15,1848.38,1838.88,1837.6447,1837.2007,1815.5781,1838.88
2014-01-16,1845.89,1848.38,1847.1349,1847.5719,1817.1609,1848.38
2014-01-17,1838.7,1845.89,1844.6416,1846.1024,1818.8522,1845.89
2014-01-21,1843.8,1838.7,1837.4528,1839.3107,1820.382,1838.7
2014-01-22,1844.86,1843.8,1842.5455,1843.3671,1822.341,1843.8
2014-01-23,1828.46,1844.86,1843.601,1844.7708,1823.6666,1844.86
2014-01-24,1790.29,1828.46,1827.2128,1829.8484,1824.3363,1828.46
2014-01-27,1781.56,1790.29,1789.0824,1793.5022,1823.9253,1790.29
2014-01-28,1792.5,1781.56,1780.381,1782.3008,1823.9032,1781.56
2014-01-29,1774.2,1792.5,1791.3376,1791.5687,1824.47,1792.5
2014-01-30,1794.19,1774.2,1773.0765,1775.7482,1824.4325,1774.2
2014-01-31,1782.59,1794.19,1793.0758,1792.4838,1824.6876,1794.19
2014-02-03,1741.89,1782.59,1781.5024,1783.5732,1824.7406,1782.59
2014-02-04,1755.2,1741.89,1740.854,1745.3119,1822.4486,1741.89
2014-02-05,1751.64,1755.2,1754.1823,1754.066,1820.6353,1755.2
2014-02-06,1773.43,1751.64,1750.6493,1751.943,1818.4127,1751.64
2014-02-07,1797.02,1773.43,1772.4437,1771.5692,1816.594,1773.43
2014-02-10,1799.84,1797.02,1796.0247,1795.0046,1815.384,1797.02
2014-02-11,1819.75,1799.84,1798.8379,1799.6011,1813.978,1799.84
2014-02-12,1819.26,1819.75,1818.721,1818.0509,1813.2563,1819.75
2014-02-13,1829.83,1819.26,1818.2107,1819.3025,1812.5293,1819.26
2014-02-14,1838.63,1829.83,1828.7499,1828.9305,1811.9116,1829.83
2014-02-18,1840.76,1838.63,1837.5173,1837.8816,1812.1333,1838.63
2014-02-19,1828.75,1840.76,1839.6188,1840.5798,1812.4464,1840.76
2014-02-20,1839.78,1828.75,1827.5946,1829.7681,1812.5123,1828.75
2014-02-21,1836.25,1839.78,1838.5983,1838.8412,1812.5757,1839.78
2014-02-24,1847.61,1836.25,1835.0549,1836.5505,1812.5344,1836.25
2014-02-25,1845.12,1847.61,1846.3925,1846.6431,1812.8503,1847.61
2014-02-26,1845.16,1845.12,1843.8909,1845.3323,1812.9421,1845.12
2014-02-27,1854.29,1845.16,1843.9198,1845.1575,1813.8074,1845.16
2014-02-28,1859.45,1854.29,1853.0321,1853.5135,1814.321,1854.29
2014-03-03,1845.73,1859.45,1858.176,1859.0118,1814.69,1859.45
2014-03-04,1873.91,1845.73,1844.4572,1846.8923,1814.6847,1845.73
2014-03-05,1873.81,1873.91,1872.6046,1871.5002,1815.8583,1873.91
2014-03-06,1877.03,1873.81,1872.4897,1873.8195,1816.8586,1873.81
2014-03-07,1878.04,1877.03,1875.6915,1876.7572,1817.931,1877.03
2014-03-10,1877.17,1878.04,1876.685,1877.9551,1819.5836,1878.04
2014-03-11,1867.63,1877.17,1875.8015,1877.2448,1822.4797,1877.17
2014-03-12,1868.2,1867.63,1866.2593,1868.4396,1825.3485,1867.63
2014-03-13,1846.34,1868.2,1866.823,1868.1523,1827.872,1868.2
2014-03-14,1841.13,1846.34,1844.9817,1848.188,1830.2767,1846.34
2014-03-17,1858.83,1841.13,1839.7845,1841.5729,1831.8413,1841.13
2014-03-18,1872.25,1858.83,1857.4791,1857.3206,1834.3826,1858.83
2014-03-19,1860.77,1872.25,1870.8914,1871.107,1838.7279,1872.25
2014-03-20,1872.01,1860.77,1859.4208,1861.7434,1842.2468,1860.77
2014-03-21,1866.52,1872.01,1870.65,1871.0533,1846.2593,1872.01
2014-03-24,1857.44,1866.52,1865.161,1866.9866,1849.3622,1866.52
2014-03-25,1865.62,1857.44,1856.087,1858.2104,1851.3763,1857.44
2014-03-26,1852.56,1865.62,1864.2601,1864.9246,1853.5691,1865.62
2014-03-27,1849.04,1852.56,1851.2119,1853.6669,1854.6627,1852.56
2014-03-28,1857.62,1849.04,1847.6996,1849.3396,1855.6555,1849.04
2014-03-31,1872.34,1857.62,1856.2773,1856.8905,1856.5817,1857.62
2014-04-01,1885.52,1872.34,1870.9858,1871.0858,1857.7053,1872.34
2014-04-02,1890.9,1885.52,1884.1487,1884.3976,1859.1973,1885.52
2014-04-03,1888.77,1890.9,1889.5118,1890.4432,1861.2689,1890.9
2014-04-04,1865.09,1888.77,1887.3689,1888.9518,1862.902,1888.77
2014-04-07,1845.04,1865.09,1863.6987,1867.091,1863.8632,1865.09
2014-04-08,1851.96,1845.04,1843.6667,1846.7358,1863.7776,1845.04
2014-04-09,1872.18,1851.96,1850.5889,1851.372,1864.0056,1851.96
2014-04-10,1833.08,1872.18,1870.7981,1870.4546,1864.9062,1872.18
2014-04-11,1815.69,1833.08,1831.7386,1836.3705,1864.1992,1833.08
2014-04-14,1830.61,1815.69,1814.3815,1817.1616,1862.7406,1815.69
2014-04-15,1842.98,1830.61,1829.3109,1829.3386,1862.2366,1830.61
2014-04-16,1862.31,1842.98,1841.6871,1841.9268,1861.2056,1842.98
2014-04-17,1864.85,1862.31,1861.009,1860.6609,1860.8223,1862.31
2014-04-21,1871.89,1864.85,1863.5449,1864.6349,1860.4163,1864.85
2014-04-22,1879.55,1871.89,1870.5715,1871.2917,1860.2114,1871.89
2014-04-23,1875.39,1879.55,1878.2124,1878.8989,1860.2908,1879.55
2014-04-24,1878.61,1875.39,1874.0409,1875.7439,1860.5493,1875.39
2014-04-25,1863.4,1878.61,1877.244,1878.3372,1860.8964,1878.61
2014-04-28,1869.43,1863.4,1862.0361,1864.6882,1861.4651,1863.4
2014-04-29,1878.33,1869.43,1868.0553,1868.9178,1862.4084,1869.43
2014-04-30,1883.95,1878.33,1876.9418,1877.5731,1863.0582,1878.33
2014-05-01,1883.68,1883.95,1882.5496,1883.4727,1863.4481,1883.95
2014-05-02,1881.14,1883.68,1882.2714,1883.7039,1864.2118,1883.68
2014-05-05,1884.66,1881.14,1879.726,1881.3564,1864.5162,1881.14
2014-05-06,1867.72,1884.66,1883.2362,1884.3616,1865.121,1884.66
2014-05-07,1878.21,1867.72,1866.3074,1869.154,1865.4635,1867.72
2014-05-08,1875.63,1878.21,1876.7885,1877.3174,1865.8833,1878.21
2014-05-09,1878.48,1875.63,1874.2104,1875.8499,1866.6523,1875.63
2014-05-12,1896.65,1878.48,1877.0581,1878.2385,1867.6337,1878.48
2014-05-13,1897.45,1896.65,1895.209,1895.1005,1868.9344,1896.65
2014-05-14,1888.53,1897.45,1895.9999,1897.3829,1869.7716,1897.45
2014-05-15,1870.85,1888.53,1887.0793,1889.2871,1869.872,1888.53
2014-05-16,1877.86,1870.85,1869.4119,1872.3462,1869.2036,1870.85
2014-05-19,1885.08,1877.86,1876.4175,1877.2643,1868.8401,1877.86
2014-05-20,1872.83,1885.08,1883.6322,1884.4663,1869.5062,1885.08
2014-05-21,1888.03,1872.83,1871.3947,1873.8683,1870.4327,1872.83
2014-05-22,1892.49,1888.03,1886.5833,1886.7349,1871.6349,1888.03
2014-05-23,1900.53,1892.49,1891.0371,1892.1116,1872.3119,1892.49
2014-05-27,1911.91,1900.53,1899.0641,1899.8464,1874.5602,1900.53
2014-05-28,1909.78,1911.91,1910.4233,1910.9415,1877.7676,1911.91
2014-05-29,1920.03,1909.78,1908.2814,1909.9617,1880.4066,1909.78
2014-05-30,1923.57,1920.03,1918.5068,1919.158,1882.9751,1920.03
2014-06-02,1924.97,1923.57,1922.0261,1923.2698,1885.0171,1923.57
2014-06-03,1924.24,1924.97,1923.4075,1924.8519,1887.0211,1924.97
2014-06-04,1927.88,1924.24,1922.6624,1924.3029,1888.766,1924.24
2014-06-05,1940.46,1927.88,1926.2849,1927.5714,1890.377,1927.88
2014-06-06,1949.44,1940.46,1938.8383,1939.3889,1892.546,1940.46
2014-06-09,1951.27,1949.44,1947.7921,1948.6763,1894.9069,1949.44
2014-06-10,1950.79,1951.27,1949.6013,1951.1154,1897.8359,1951.27
2014-06-11,1943.89,1950.79,1949.1035,1950.8317,1900.548,1950.79
2014-06-12,1930.11,1943.89,1942.1956,1944.4761,1902.7335,1943.89
2014-06-13,1936.16,1930.11,1928.4211,1931.2777,1904.272,1930.11
2014-06-16,1937.78,1936.16,1934.463,1935.6462,1906.0214,1936.16
2014-06-17,1941.99,1937.78,1936.0803,1937.6433,1907.9094,1937.78
2014-06-18,1956.98,1941.99,1940.2852,1941.6329,1909.8203,1941.99
2014-06-19,1959.48,1956.98,1955.2561,1955.703,1912.7957,1956.98
2014-06-20,1962.87,1959.48,1957.7448,1959.2683,1915.5046,1959.48
2014-06-23,1962.61,1962.87,1961.1204,1962.5826,1918.4126,1962.87
2014-06-24,1949.98,1962.61,1960.8486,1962.6329,1921.2169,1962.61
2014-06-25,1959.53,1949.98,1948.2225,1951.0507,1922.9946,1949.98
2014-06-26,1957.22,1959.53,1957.7571,1958.7178,1925.0641,1959.53
2014-06-27,1960.96,1957.22,1955.4437,1957.4169,1927.3538,1957.22
2014-06-30,1960.23,1960.96,1959.1752,1960.6428,1930.3575,1960.96
2014-07-01,1973.32,1960.23,1958.4414,1960.2928,1933.1031,1960.23
2014-07-02,1974.62,1973.32,1971.512,1972.2054,1936.0446,1973.32
2014-07-03,1985.44,1974.62,1972.8015,1974.5104,1939.4375,1974.62
2014-07-07,1977.65,1985.44,1983.5985,1984.5194,1942.6844,1985.44
2014-07-08,1963.71,1977.65,1975.8041,1978.3115,1945.5231,1977.65
2014-07-09,1972.83,1963.71,1961.871,1964.8912,1947.6292,1963.71
2014-07-10,1964.68,1972.83,1970.9777,1972.0544,1949.6598,1972.83
2014-07-11,1967.57,1964.68,1962.8344,1965.372,1951.4896,1964.68
2014-07-14,1977.1,1967.57,1965.7217,1967.3252,1953.0743,1967.57
2014-07-15,1973.28,1977.1,1975.241,1976.2894,1954.8588,1977.1
2014-07-16,1981.57,1973.28,1971.4227,1973.6051,1956.469,1973.28
2014-07-17,1958.12,1981.57,1979.7004,1980.8654,1958.38,1981.57
2014-07-18,1978.22,1958.12,1956.2739,1960.1023,1959.3882,1958.12
2014-07-21,1973.63,1978.22,1976.3539,1976.5052,1960.6467,1978.22
2014-07-22,1983.53,1973.63,1971.7671,1974.0204,1961.4531,1973.63
2014-07-23,1987.01,1983.53,1981.6538,1982.688,1962.5284,1983.53
2014-07-24,1987.98,1987.01,1985.1238,1986.715,1963.7358,1987.01
2014-07-25,1978.34,1987.98,1986.085,1987.8984,1965.2054,1987.98
2014-07-28,1978.91,1978.34,1976.4489,1979.1581,1966.813,1978.34
2014-07-29,1969.95,1978.91,1977.015,1978.8625,1968.2382,1978.91
2014-07-30,1970.07,1969.95,1968.0642,1970.7103,1969.3103,1969.95
2014-07-31,1930.67,1970.07,1968.1873,1970.0607,1970.2463,1970.07
2014-08-01,1925.15,1930.67,1928.8403,1933.9873,1969.3693,1930.67
2014-08-04,1938.99,1925.15,1923.3486,1925.6191,1968.2249,1925.15
2014-08-05,1920.21,1938.99,1937.1981,1937.8113,1967.4288,1938.99
2014-08-06,1920.24,1920.21,1918.4604,1921.7993,1966.0156,1920.21
2014-08-07,1909.57,1920.24,1918.515,1920.2383,1965.0242,1920.24
2014-08-08,1931.59,1909.57,1907.8798,1910.4751,1963.3589,1909.57
2014-08-11,1936.92,1931.59,1929.898,1929.7103,1962.5045,1931.59
2014-08-12,1933.75,1936.92,1935.2335,1936.4677,1961.7032,1936.92
2014-08-13,1946.72,1933.75,1932.0717,1934.0199,1960.8206,1933.75
2014-08-14,1955.18,1946.72,1945.029,1945.6157,1959.934,1946.72
2014-08-15,1955.06,1955.18,1953.474,1954.4608,1959.286,1955.18
2014-08-18,1971.74,1955.06,1953.3435,1955.0713,1958.2733,1955.06
2014-08-19,1981.6,1971.74,1969.9922,1970.3184,1958.0762,1971.74
2014-08-20,1986.51,1981.6,1979.8218,1980.7614,1958.6726,1981.6
2014-08-21,1992.37,1986.51,1984.7031,1986.0934,1959.1285,1986.51
2014-08-22,1988.4,1992.37,1990.5321,1991.8724,1960.0516,1992.37
2014-08-25,1997.92,1988.4,1986.5427,1988.7378,1960.746,1988.4
2014-08-26,2000.02,1997.92,1996.0314,1997.1104,1961.44,1997.92
2014-08-27,2000.12,2000.02,1998.1083,1999.8424,1962.3314,2000.02
2014-08-28,1996.74,2000.12,1998.1898,2000.1123,1962.9497,2000.12
2014-08-29,2003.37,1996.74,1994.7983,1997.0277,1964.2369,1996.74
2014-09-02,2002.28,2003.37,2001.4089,2002.8069,1965.0753,2003.37
2014-09-03,2000.72,2002.28,2000.3092,2002.3735,1966.0305,2002.28
2014-09-04,1997.65,2000.72,1998.7423,2000.8533,1966.6034,2000.72
2014-09-05,2007.71,1997.65,1995.67,1997.9115,1966.9579,1997.65
2014-09-08,2001.54,2007.71,2005.7137,2006.8544,1967.6156,2007.71
2014-09-09,1988.44,2001.54,1999.5455,2002.0642,1968.3889,2001.54
2014-09-10,1995.69,1988.44,1986.4591,1989.5505,1968.7067,1988.44
2014-09-11,1997.45,1995.69,1993.7035,1995.0739,1969.5646,1995.69
2014-09-12,1985.54,1997.45,1995.4631,1997.3013,1970.4772,1997.45
2014-09-15,1984.13,1985.54,1983.5695,1986.55,1972.3064,1985.54
2014-09-16,1998.98,1984.13,1982.1672,1984.2506,1974.2722,1984.13
2014-09-17,2001.57,1998.98,1997.0054,1997.715,1976.272,1998.98
2014-09-18,2011.36,2001.57,1999.5923,2001.3507,1978.984,2001.57
2014-09-19,2010.4,2011.36,2009.3671,2010.5273,1982.0212,2011.36
2014-09-22,1994.29,2010.4,2008.4001,2010.4824,1985.3822,2010.4
2014-09-23,1982.77,1994.29,1992.3024,1995.6544,1987.4722,1994.29
2014-09-24,1998.3,1982.77,1980.7961,1983.747,1989.0006,1982.77
2014-09-25,1965.99,1998.3,1996.3123,1996.9769,1991.1522,1998.3
2014-09-26,1982.85,1965.99,1964.0446,1968.7155,1991.7946,1965.99
2014-09-29,1977.8,1982.85,1980.8977,1981.413,1992.7168,1982.85
2014-09-30,1972.29,1977.8,1975.863,1978.2294,1993.475,1977.8
2014-10-01,1946.16,1972.29,1970.3695,1972.7584,1993.4933,1972.29
2014-10-02,1946.17,1946.16,1944.283,1948.3673,1992.312,1946.16
2014-10-03,1967.9,1946.17,1944.314,1946.17,1990.9673,1946.17
2014-10-06,1964.82,1967.9,1966.0385,1966.0454,1990.1517,1967.9
2014-10-07,1935.1,1964.82,1962.9724,1965.0823,1989.3656,1964.82
2014-10-08,1968.89,1935.1,1933.2961,1937.6082,1987.2717,1935.1
2014-10-09,1928.21,1968.89,1967.0631,1965.9976,1986.2341,1968.89
2014-10-10,1906.13,1928.21,1926.4352,1931.6338,1983.8372,1928.21
2014-10-13,1874.74,1906.13,1904.3987,1907.9967,1980.8168,1906.13
2014-10-14,1877.7,1874.74,1873.0724,1877.3875,1976.5289,1874.74
2014-10-15,1862.49,1877.7,1876.0692,1877.4491,1972.3763,1877.7
2014-10-16,1862.76,1862.49,1860.9152,1863.7782,1967.7684,1862.49
2014-10-17,1886.76,1862.76,1861.2264,1862.7379,1963.2722,1862.76
2014-10-20,1904.01,1886.76,1885.2379,1884.71,1959.2406,1886.76
2014-10-21,1941.28,1904.01,1902.4913,1902.5393,1955.9897,1904.01
2014-10-22,1927.11,1941.28,1939.7284,1938.0865,1954.4178,1941.28
2014-10-23,1950.82,1927.11,1925.5579,1928.3105,1952.1317,1927.11
2014-10-24,1964.58,1950.82,1949.2261,1948.7953,1950.5776,1950.82
2014-10-27,1961.63,1964.58,1962.9438,1963.4082,1949.8788,1964.58
2014-10-28,1985.05,1961.63,1959.964,1961.8813,1949.1287,1961.63
2014-10-29,1982.3,1985.05,1983.3265,1983.0504,1948.6643,1985.05
2014-10-30,1994.65,1982.3,1980.5424,1982.5344,1948.022,1982.3
2014-10-31,2018.05,1994.65,1992.8447,1993.5988,1947.465,1994.65
2014-11-03,2017.81,2018.05,2016.1825,2016.0525,1947.72,2018.05
2014-11-04,2012.1,2017.81,2015.9026,2017.8314,1948.504,2017.81
2014-11-05,2023.57,2012.1,2010.163,2012.5854,1949.4818,2012.1
2014-11-06,2031.21,2023.57,2021.5896,2022.594,1950.3241,2023.57
2014-11-07,2031.92,2031.21,2029.1914,2030.5608,1952.498,2031.21
2014-11-10,2038.26,2031.92,2029.8733,2031.8606,1954.1339,2031.92
2014-11-11,2039.68,2038.26,2036.1812,2037.7216,1956.1492,2038.26
2014-11-12,2038.25,2039.68,2037.5768,2039.5603,1958.3956,2039.68
2014-11-13,2039.33,2038.25,2036.129,2038.3724,1961.4652,2038.25
2014-11-14,2039.82,2039.33,2037.1918,2039.2391,1964.5704,2039.33
2014-11-17,2041.32,2039.82,2037.6683,2039.7792,1966.9677,2039.82
2014-11-18,2051.8,2041.32,2039.156,2041.1934,1969.5177,2041.32
2014-11-19,2048.72,2051.8,2049.613,2050.9087,1973.4077,2051.8
2014-11-20,2052.75,2048.72,2046.5255,2048.9822,1976.0686,2048.72
2014-11-21,2063.5,2052.75,2050.5403,2052.4082,1980.22,2052.75
2014-11-24,2069.41,2063.5,2061.2654,2062.5854,1985.4657,2063.5
2014-11-25,2067.03,2069.41,2067.1533,2068.9082,1991.9547,2069.41
2014-11-26,2072.83,2067.03,2064.761,2067.2332,1998.2656,2067.03
2014-11-28,2067.56,2072.83,2070.539,2072.3376,2005.2771,2072.83
2014-12-01,2053.44,2067.56,2065.262,2068.008,2012.1038,2067.56
2014-12-02,2066.55,2053.44,2051.1516,2054.6367,2017.6597,2053.44
2014-12-03,2074.33,2066.55,2064.2417,2065.4338,2023.0778,2066.55
2014-12-04,2071.92,2074.33,2072.0063,2073.669,2027.5128,2074.33
2014-12-05,2075.37,2071.92,2069.592,2072.1255,2032.3398,2071.92
2014-12-08,2060.31,2075.37,2073.031,2075.0776,2036.4916,2075.37
2014-12-09,2059.82,2060.31,2057.9854,2061.5862,2039.6825,2060.31
2014-12-10,2026.14,2059.82,2057.4966,2059.8625,2042.9554,2059.82
2014-12-11,2035.33,2026.14,2023.867,2028.9807,2044.325,2026.14
2014-12-12,2002.33,2035.33,2033.0626,2034.5486,2046.0927,2035.33
2014-12-15,1989.63,2002.33,2000.1255,2005.1134,2046.3485,2002.33
2014-12-16,1972.74,1989.63,1987.4733,1990.7065,2045.4011,1989.63
2014-12-17,2012.89,1972.74,1970.6421,1974.17,2043.8988,1972.74
2014-12-18,2061.23,2012.89,2010.78,2009.4486,2043.9252,2012.89
2014-12-19,2070.65,2061.23,2059.0767,2057.0796,2045.1805,2061.23
2014-12-22,2078.54,2070.65,2068.4756,2069.8489,2046.4952,2070.65
2014-12-23,2082.17,2078.54,2076.3333,2077.8696,2048.0493,2078.54
2014-12-24,2081.88,2082.17,2079.9285,2081.8623,2049.513,2082.17
2014-12-26,2088.77,2081.88,2079.607,2081.9055,2050.9197,2081.88
2014-12-29,2090.57,2088.77,2086.4578,2088.1848,2052.6038,2088.77
2014-12-30,2080.35,2090.57,2088.2266,2090.418,2054.3115,2090.57
2014-12-31,2058.9,2080.35,2077.9958,2081.2173,2055.6628,2080.35
2015-01-02,2058.2,2058.9,2056.56,2060.7144,2056.2488,2058.9
2015-01-05,2020.58,2058.2,2055.8596,2058.2603,2056.462,2058.2
2015-01-06,2002.61,2020.58,2018.2974,2023.7499,2055.524,2020.58
2015-01-07,2025.9,2002.61,2000.3761,2004.1312,2053.8525,2002.61
2015-01-08,2062.14,2025.9,2023.668,2023.912,2052.599,2025.9
2015-01-09,2044.81,2062.14,2059.8826,2059.037,2052.357,2062.14
2015-01-12,2028.26,2044.81,2042.581,2046.2775,2051.6162,2044.81
2015-01-13,2023.03,2028.26,2026.0593,2029.6616,2050.1304,2028.26
2015-01-14,2011.27,2023.03,2020.8468,2023.4747,2048.6462,2023.03
2015-01-15,1992.67,2011.27,2009.1149,2012.2675,2047.2407,2011.27
2015-01-16,2019.42,1992.67,1990.5566,1994.2443,2044.7781,1992.67
2015-01-20,2022.55,2019.42,2017.2949,2017.1346,2042.9478,2019.42
2015-01-21,2032.12,2022.55,2020.4327,2022.2848,2041.3022,2022.55
2015-01-22,2063.15,2032.12,2029.9966,2031.3062,2039.8606,2032.12
2015-01-23,2051.82,2063.15,2060.984,2060.4963,2039.9551,2063.15
2015-01-26,2057.09,2051.82,2049.6511,2052.781,2039.6884,2051.82
2015-01-27,2029.55,2057.09,2054.898,2056.6428,2040.7201,2057.09
2015-01-28,2002.16,2029.55,2027.378,2031.8761,2040.5273,2029.55
2015-01-29,2021.25,2002.16,2000.0217,2004.4733,2040.5216,2002.16
2015-01-30,1994.99,2021.25,2019.0986,2019.6221,2041.5757,2021.25
2015-02-02,2020.85,1994.99,1992.8826,1997.2084,2042.3173,1994.99
2015-02-03,2050.03,2020.85,2018.7277,2018.641,2042.5826,2020.85
2015-02-04,2041.51,2050.03,2047.8778,2047.5358,2042.2095,2050.03
2015-02-05,2062.52,2041.51,2039.3619,2042.2333,2041.2382,2041.51
2015-02-06,2055.47,2062.52,2060.336,2060.7278,2040.704,2062.52
2015-02-09,2046.74,2055.47,2053.277,2056.0688,2039.8141,2055.47
2015-02-10,2068.59,2046.74,2044.543,2047.4812,2038.6428,2046.74
2015-02-11,2068.53,2068.59,2066.3525,2066.7256,2037.9701,2068.59
2015-02-12,2088.48,2068.53,2066.2744,2068.5361,2037.2355,2068.53
2015-02-13,2096.99,2088.48,2086.1794,2086.7786,2037.5062,2088.48
2015-02-17,2100.34,2096.99,2094.6528,2096.2666,2038.7759,2096.99
2015-02-18,2099.68,2100.34,2097.9707,2100.0564,2040.1805,2100.34
2015-02-19,2097.45,2099.68,2097.2844,2099.737,2042.8173,2099.68
2015-02-20,2110.3,2097.45,2095.034,2097.6401,2045.9786,2097.45
2015-02-23,2109.66,2110.3,2107.8464,2109.2063,2048.792,2110.3
2015-02-24,2115.48,2109.66,2107.1863,2109.7153,2050.376,2109.66
2015-02-25,2113.86,2115.48,2112.98,2114.9858,2052.7317,2115.48
2015-02-26,2110.74,2113.86,2111.3447,2113.9988,2055.585,2113.86
2015-02-27,2104.5,2110.74,2108.2148,2111.0059,2058.5088,2110.74
2015-03-02,2117.39,2104.5,2101.974,2105.0303,2061.6165,2104.5
2015-03-03,2107.78,2117.39,2114.8398,2116.2927,2065.7737,2117.39
2015-03-04,2098.53,2107.78,2105.2366,2108.5957,2068.719,2107.78
2015-03-05,2101.04,2098.53,2095.9976,2099.3152,2071.2517,2098.53
2015-03-06,2071.26,2101.04,2098.5066,2100.8276,2073.549,2101.04
2015-03-09,2079.43,2071.26,2068.7747,2073.7744,2073.8193,2071.26
2015-03-10,2044.16,2079.43,2076.9497,2078.7356,2074.7397,2079.43
2015-03-11,2040.24,2044.16,2041.7472,2047.1339,2074.3088,2044.16
2015-03-12,2065.95,2040.24,2037.8627,2040.5737,2074.665,2040.24
2015-03-13,2053.4,2065.95,2063.5674,2063.7542,2076.7913,2065.95
2015-03-16,2081.19,2053.4,2051.0537,2054.4639,2077.863,2053.4
2015-03-17,2074.28,2081.19,2078.8223,2078.8154,2080.736,2081.19
2015-03-18,2099.5,2074.28,2071.9246,2074.867,2082.517,2074.28
2015-03-19,2089.27,2099.5,2097.109,2097.3467,2084.1663,2099.5
2015-03-20,2108.1,2089.27,2086.8801,2090.138,2085.7583,2089.27
2015-03-23,2104.42,2108.1,2105.6714,2106.4949,2087.2778,2108.1
2015-03-24,2091.5,2104.42,2101.977,2104.7332,2088.9094,2104.42
2015-03-25,2061.05,2091.5,2089.0586,2092.5955,2090.4014,2091.5
2015-03-26,2056.15,2061.05,2058.6438,2063.6206,2090.15,2061.05
2015-03-27,2061.02,2056.15,2053.7585,2056.5667,2089.7373,2056.15
2015-03-30,2086.24,2061.02,2058.6362,2060.6067,2088.822,2061.02
2015-03-31,2067.89,2086.24,2083.8337,2084.0864,2088.4636,2086.24
2015-04-01,2059.69,2067.89,2065.5122,2069.4434,2087.3818,2067.89
2015-04-02,2066.96,2059.69,2057.3313,2060.3862,2086.049,2059.69
2015-04-06,2080.62,2066.96,2064.6008,2066.3423,2085.0327,2066.96
2015-04-07,2076.33,2080.62,2078.2478,2079.457,2084.0435,2080.62
2015-04-08,2081.9,2076.33,2073.9626,2076.695,2082.9326,2076.33
2015-04-09,2091.18,2081.9,2079.523,2081.427,2081.813,2081.9
2015-04-10,2102.06,2091.18,2088.7847,2090.3909,2081.0571,2091.18
2015-04-13,2092.43,2102.06,2099.6394,2101.1345,2080.7676,2102.06
2015-04-14,2095.84,2092.43,2090.0083,2093.2473,2080.3652,2092.43
2015-04-15,2106.63,2095.84,2093.4028,2095.551,2079.647,2095.84
2015-04-16,2104.99,2106.63,2104.1663,2105.712,2079.6086,2106.63
2015-04-17,2081.18,2104.99,2102.5151,2105.1304,2079.8237,2104.99
2015-04-20,2100.4,2081.18,2078.7283,2083.1929,2079.1619,2081.18
2015-04-21,2097.29,2100.4,2097.9207,2098.7612,2080.1333,2100.4
2015-04-22,2107.96,2097.29,2094.8105,2097.5552,2080.7285,2097.29
2015-04-23,2112.93,2107.96,2105.4617,2107.0522,2082.8552,2107.96
2015-04-24,2117.69,2112.93,2110.417,2112.5083,2085.2783,2112.93
2015-04-27,2108.92,2117.69,2115.16,2117.2861,2087.003,2117.69
2015-04-28,2114.76,2108.92,2106.391,2109.6646,2088.8538,2108.92
2015-04-29,2106.85,2114.76,2112.2153,2114.2642,2089.973,2114.76
2015-04-30,2085.51,2106.85,2104.3093,2107.522,2091.0583,2106.85
2015-05-01,2108.29,2085.51,2082.9983,2087.3154,2090.5923,2085.51
2015-05-04,2114.49,2108.29,2105.7524,2106.3462,2091.226,2108.29
2015-05-05,2089.46,2114.49,2111.9436,2113.9636,2091.4392,2114.49
2015-05-06,2080.15,2089.46,2086.9478,2091.5757,2090.9404,2089.46
2015-05-07,2088.0,2080.15,2077.6587,2080.9402,2090.562,2080.15
2015-05-08,2116.1,2088.0,2085.5095,2087.333,2091.4602,2088.0
2015-05-11,2105.33,2116.1,2113.5774,2113.6992,2093.4587,2116.1
2015-05-12,2099.12,2105.33,2102.819,2106.244,2094.9358,2105.33
2015-05-13,2098.48,2099.12,2096.6155,2099.648,2095.365,2099.12
2015-05-14,2121.1,2098.48,2095.9758,2098.5352,2096.3845,2098.48
2015-05-15,2122.73,2121.1,2118.562,2119.17,2098.432,2121.1
2015-05-18,2129.2,2122.73,2120.1794,2122.5925,2100.2908,2122.73
2015-05-19,2127.83,2129.2,2126.6274,2128.6506,2101.9102,2129.2
2015-05-20,2125.85,2127.83,2125.2444,2127.9473,2103.6267,2127.83
2015-05-21,2130.82,2125.85,2123.2534,2126.019,2105.092,2125.85
2015-05-22,2126.06,2130.82,2128.2046,2130.3984,2106.413,2130.82
2015-05-26,2104.2,2126.06,2123.4407,2126.465,2107.213,2126.06
2015-05-27,2123.48,2104.2,2101.6067,2106.049,2107.6055,2104.2
2015-05-28,2120.79,2123.48,2120.862,2121.8362,2108.5266,2123.48
2015-05-29,2107.39,2120.79,2118.175,2121.0193,2108.9988,2120.79
2015-06-01,2111.73,2107.39,2104.7957,2108.526,2109.0786,2107.39
2015-06-02,2109.6,2111.73,2109.1353,2111.362,2110.097,2111.73
2015-06-03,2114.07,2109.6,2107.0137,2109.782,2110.4038,2109.6
2015-06-04,2095.84,2114.07,2111.4827,2113.691,2110.9631,2114.07
2015-06-05,2092.83,2095.84,2093.2834,2097.3835,2110.559,2095.84
2015-06-08,2079.28,2092.83,2090.2883,2093.0867,2109.8892,2092.83
2015-06-09,2080.15,2079.28,2076.771,2080.4287,2108.6086,2079.28
2015-06-10,2105.2,2080.15,2077.6577,2080.077,2107.6497,2080.15
2015-06-11,2108.86,2105.2,2102.6875,2103.061,2107.3308,2105.2
2015-06-12,2094.11,2108.86,2106.346,2108.5498,2107.398,2108.86
2015-06-15,2084.43,2094.11,2091.6162,2095.36,2107.6846,2094.11
2015-06-16,2096.29,2084.43,2081.953,2085.2515,2106.8892,2084.43
2015-06-17,2100.44,2096.29,2093.8022,2095.2808,2106.2825,2096.29
2015-06-18,2121.24,2100.44,2097.9478,2100.0881,2106.6487,2100.44
2015-06-19,2109.99,2121.24,2118.7158,2119.466,2108.0183,2121.24
2015-06-22,2122.85,2109.99,2107.4707,2110.9443,2108.7512,2109.99
2015-06-23,2124.2,2122.85,2120.3032,2121.7554,2108.9763,2122.85
2015-06-24,2108.58,2124.2,2121.6377,2124.0862,2109.6052,2124.2
2015-06-25,2102.31,2108.58,2106.0278,2109.9036,2109.9207,2108.58
2015-06-26,2101.49,2102.31,2099.7622,2102.8428,2110.0483,2102.31
2015-06-29,2057.64,2101.49,2098.944,2101.5605,2109.3945,2101.49
2015-06-30,2063.11,2057.64,2055.1633,2061.3303,2107.225,2057.64
2015-07-01,2077.42,2063.11,2060.65,2062.6458,2105.022,2063.11
2015-07-02,2076.78,2077.42,2074.9634,2076.2014,2103.3416,2077.42
2015-07-06,2068.76,2076.78,2074.342,2076.8352,2101.706,2076.78
2015-07-07,2081.34,2068.76,2066.348,2069.4412,2099.6375,2068.76
2015-07-08,2046.68,2081.34,2078.924,2080.2693,2098.147,2081.34
2015-07-09,2051.31,2046.68,2044.3208,2049.603,2096.2295,2046.68
2015-07-10,2076.62,2051.31,2048.9631,2050.9172,2093.8235,2051.31
2015-07-13,2099.6,2076.62,2074.2542,2074.4587,2092.3513,2076.62
2015-07-14,2108.95,2099.6,2097.205,2097.639,2092.0916,2099.6
2015-07-15,2107.4,2108.95,2106.5308,2108.155,2091.999,2108.95
2015-07-16,2124.29,2107.4,2104.9639,2107.5325,2091.9255,2107.4
2015-07-17,2126.64,2124.29,2121.8096,2122.8508,2092.2664,2124.29
2015-07-20,2128.28,2126.64,2124.1292,2126.4412,2093.293,2126.64
2015-07-21,2119.21,2128.28,2125.7402,2128.1416,2094.4749,2128.28
2015-07-22,2114.15,2119.21,2116.6592,2119.98,2095.8057,2119.21
2015-07-23,2102.15,2114.15,2111.5898,2114.5803,2096.939,2114.15
2015-07-24,2079.65,2102.15,2099.5984,2103.1675,2096.8374,2102.15
2015-07-27,2067.64,2079.65,2077.132,2081.553,2095.8638,2079.65
2015-07-28,2093.25,2067.64,2065.1536,2068.6584,2094.9812,2067.64
2015-07-29,2108.57,2093.25,2090.747,2091.063,2095.2751,2093.25
2015-07-30,2108.63,2108.57,2106.0557,2107.2651,2095.6846,2108.57
2015-07-31,2103.84,2108.63,2106.1167,2108.6257,2095.9575,2108.63
2015-08-03,2098.04,2103.84,2101.3313,2104.2476,2095.3777,2103.84
2015-08-04,2093.32,2098.04,2095.5376,2098.533,2094.9792,2098.04
2015-08-05,2099.84,2093.32,2090.8247,2093.7217,2093.9949,2093.32
2015-08-06,2083.56,2099.84,2097.3376,2099.2864,2093.1829,2099.84
2015-08-07,2077.57,2083.56,2081.082,2084.939,2092.3489,2083.56
2015-08-10,2104.18,2077.57,2075.1084,2078.0793,2091.5242,2077.57
2015-08-11,2084.07,2104.18,2101.6897,2101.907,2091.614,2104.18
2015-08-12,2086.05,2084.07,2081.6084,2085.772,2092.4949,2084.07
2015-08-13,2083.39,2086.05,2083.591,2085.8826,2093.2598,2086.05
2015-08-14,2091.54,2083.39,2080.9397,2083.6167,2093.4585,2083.39
2015-08-17,2102.44,2091.54,2089.0833,2090.8474,2093.9507,2091.54
2015-08-18,2096.92,2102.44,2099.9683,2101.5127,2095.0735,2102.44
2015-08-19,2079.61,2096.92,2094.4514,2097.3894,2095.5928,2096.92
2015-08-20,2035.73,2079.61,2077.1633,2081.076,2096.6904,2079.61
2015-08-21,1970.89,2035.73,2033.3517,2039.4224,2096.171,2035.73
2015-08-24,1893.21,1970.89,1968.6306,1976.318,2092.6467,1970.89
2015-08-25,1867.61,1893.21,1891.115,1899.6892,2085.767,1893.21
2015-08-26,1940.51,1867.61,1865.6396,1869.772,2077.7224,1867.61
2015-08-27,1987.66,1940.51,1938.5485,1934.2087,2072.1594,1940.51
2015-08-28,1988.87,1987.66,1985.7081,1983.6113,2067.605,1987.66
2015-08-31,1972.18,1988.87,1986.9497,1988.7681,2063.013,1988.87
2015-09-01,1913.85,1972.18,1970.2955,1973.5933,2057.8096,1972.18
2015-09-02,1948.86,1913.85,1912.0477,1918.7383,2050.964,1913.85
2015-09-03,1951.13,1948.86,1947.0459,1945.8619,2045.4546,1948.86
2015-09-04,1921.22,1951.13,1949.3293,1950.938,2040.4204,1951.13
2015-09-08,1969.41,1921.22,1919.4662,1923.7439,2035.1393,1921.22
2015-09-09,1942.04,1969.41,1967.6194,1965.2704,2031.8651,1969.41
2015-09-10,1952.29,1942.04,1940.2811,1944.3512,2026.8247,1942.04
2015-09-11,1961.05,1952.29,1950.5251,1951.418,2021.6154,1952.29
2015-09-14,1953.03,1961.05,1959.2758,1960.3053,2016.6959,1961.05
2015-09-15,1978.09,1953.03,1951.2614,1953.711,2011.6691,1953.03
2015-09-16,1995.31,1978.09,1976.2897,1975.9496,2007.6707,1978.09
2015-09-17,1990.2,1995.31,1993.4766,1993.8423,2004.4038,1995.31
2015-09-18,1958.03,1990.2,1988.3512,1990.6344,2000.7489,1990.2
2015-09-21,1966.97,1958.03,1956.2009,1960.7435,1996.5648,1958.03
2015-09-22,1942.74,1966.97,1965.1265,1966.2098,1992.878,1966.97
2015-09-23,1938.76,1942.74,1940.9235,1944.7877,1987.4966,1942.74
2015-09-24,1932.24,1938.76,1936.9585,1939.0986,1982.6528,1938.76
2015-09-25,1931.34,1932.24,1930.4608,1932.794,1977.526,1932.24
2015-09-28,1881.77,1931.34,1929.58,1931.4174,1972.4575,1931.34
2015-09-29,1884.09,1881.77,1880.0862,1885.9321,1965.4652,1881.77
2015-09-30,1920.03,1884.09,1882.4401,1883.8937,1958.187,1884.09
2015-10-01,1923.82,1920.03,1918.3757,1916.9512,1952.2908,1920.03
2015-10-02,1951.36,1923.82,1922.18,1923.4985,1947.0977,1923.82
2015-10-05,1987.05,1951.36,1949.699,1949.006,1944.2853,1951.36
2015-10-06,1979.92,1987.05,1985.3408,1983.9938,1944.8241,1987.05
2015-10-07,1995.83,1979.92,1978.1901,1980.5256,1947.7145,1979.92
2015-10-08,2013.43,1995.83,1994.0514,1994.4742,1951.9884,1995.83
2015-10-09,2014.89,2013.43,2011.5944,2011.9298,1954.4191,2013.43
2015-10-12,2017.46,2014.89,2013.0106,2014.7668,1955.3267,2014.89
2015-10-13,2003.69,2017.46,2015.5378,2017.2424,1956.2797,2017.46
2015-10-14,1994.24,2003.69,2001.7496,2004.857,1957.3301,2003.69
2015-10-15,2023.86,1994.24,1992.2882,1995.0419,1960.0096,1994.24
2015-10-16,2033.11,2023.86,2021.8579,2021.3275,1962.5096,2023.86
2015-10-19,2033.66,2033.11,2031.0756,2032.3235,1965.2423,2033.11
2015-10-20,2030.77,2033.66,2031.6023,2033.6143,1968.9904,2033.66
2015-10-21,2018.94,2030.77,2028.695,2031.0162,1971.0356,2030.77
2015-10-22,2052.51,2018.94,2016.8635,2019.9431,1973.599,2018.94
2015-10-23,2075.15,2052.51,2050.3804,2049.6375,1976.9397,2052.51
2015-10-26,2071.18,2075.15,2072.9695,2073.2178,1980.7429,2075.15
2015-10-27,2065.89,2071.18,2068.9744,2071.5178,1984.6813,2071.18
2015-10-28,2090.35,2065.89,2063.663,2066.3398,1987.608,2065.89
2015-10-29,2089.41,2090.35,2088.0662,2088.262,1990.776,2090.35
2015-10-30,2079.36,2089.41,2087.0967,2089.4907,1994.0831,2089.41
2015-11-02,2104.05,2079.36,2077.0334,2080.213,1998.1273,2079.36
2015-11-03,2109.79,2104.05,2101.669,2101.9421,2002.6968,2104.05
2015-11-04,2102.31,2109.79,2107.3743,2109.3027,2008.2651,2109.79
2015-11-05,2099.93,2102.31,2099.8784,2102.9453,2013.7167,2102.31
2015-11-06,2099.2,2099.93,2097.4817,2100.133,2019.3063,2099.93
2015-11-09,2078.58,2099.2,2096.7375,2099.263,2024.9016,2099.2
2015-11-10,2081.72,2078.58,2076.137,2080.3247,2031.462,2078.58
2015-11-11,2075.0,2081.72,2079.2737,2081.4539,2038.0494,2081.72
2015-11-12,2045.97,2075.0,2072.5674,2075.5708,2043.2151,2075.0
2015-11-13,2023.04,2045.97,2043.5881,2048.4211,2047.287,2045.97
2015-11-16,2053.19,2023.04,2020.7134,2024.979,2049.6763,2023.04
2015-11-17,2050.44,2053.19,2050.8535,2050.612,2051.8809,2053.19
2015-11-18,2083.58,2050.44,2048.128,2050.6743,2054.2317,2050.44
2015-11-19,2081.24,2083.58,2081.2378,2080.7449,2057.1567,2083.58
2015-11-20,2089.17,2081.24,2078.8987,2081.4397,2059.417,2081.24
2015-11-23,2086.59,2089.17,2086.8105,2088.496,2061.893,2089.17
2015-11-24,2089.14,2086.59,2084.2214,2086.81,2064.1973,2086.59
2015-11-25,2088.87,2089.14,2086.7546,2088.924,2067.0457,2089.14
2015-11-27,2090.11,2088.87,2086.4722,2088.894,2070.2,2088.87
2015-11-30,2080.41,2090.11,2087.699,2090.0056,2072.4084,2090.11
2015-12-01,2102.63,2080.41,2078.0027,2081.2334,2073.985,2080.41
2015-12-02,2079.51,2102.63,2100.1863,2100.734,2076.284,2102.63
2015-12-03,2049.62,2079.51,2077.0886,2081.465,2077.9087,2079.51
2015-12-04,2091.69,2049.62,2047.2415,2052.1436,2078.9314,2049.62
2015-12-07,2077.07,2091.69,2089.2651,2088.0835,2080.2373,2091.69
2015-12-08,2063.59,2077.07,2074.6658,2078.309,2080.3015,2077.07
2015-12-09,2047.62,2063.59,2061.2087,2064.7327,2080.0483,2063.59
2015-12-10,2052.23,2047.62,2045.2709,2048.9727,2079.4395,2047.62
2015-12-11,2012.37,2052.23,2049.891,2051.8389,2078.169,2052.23
2015-12-14,2021.94,2012.37,2010.1031,2015.7268,2075.6008,2012.37
2015-12-15,2043.41,2021.94,2019.6909,2021.1261,2073.6868,2021.94
2015-12-16,2073.07,2043.41,2041.1589,2041.5782,2071.6653,2043.41
2015-12-17,2041.89,2073.07,2070.793,2070.5347,2070.4417,2073.07
2015-12-18,2005.55,2041.89,2039.6528,2044.5215,2068.4275,2041.89
2015-12-21,2021.15,2005.55,2003.3678,2008.6129,2065.2815,2005.55
2015-12-22,2038.97,2021.15,2018.9669,2019.821,2062.6797,2021.15
2015-12-23,2064.29,2038.97,2036.778,2037.4509,2061.3591,2038.97
2015-12-24,2060.99,2064.29,2062.069,2062.128,2060.7783,2064.29
2015-12-28,2056.5,2060.99,2058.7644,2061.271,2060.3113,2060.99
2015-12-29,2078.36,2056.5,2054.269,2056.8818,2060.6624,2056.5
2015-12-30,2063.36,2078.36,2076.0884,2076.4949,2062.506,2078.36
2015-12-31,2043.94,2063.36,2061.0898,2064.631,2062.8452,2063.36
